protac_id,warhead_id,e3_ligand_id,linker_id
1,1,19,1
2,1,19,2
3,1,2,3
4,1,2,4
5,1,12,5
6,1,12,6
7,1,19,7
8,1,19,8
9,1,19,9
11,1,26,11
12,1,25,11
13,1,18,11
14,1,26,12
15,1,25,12
16,1,18,12
17,1,26,13
18,4,26,13
19,4,26,11
20,1,26,14
21,4,26,14
22,1,26,15
23,4,26,15
24,1,26,16
25,4,26,16
26,2,26,17
27,5,26,17
28,2,26,18
29,5,26,18
30,2,26,19
31,5,26,19
32,2,26,20
33,5,26,20
34,2,26,21
35,5,26,21
36,6,3,22
37,8,2,23
38,8,2,11
39,9,5,0
40,8,2,24
41,8,2,25
42,8,2,15
43,8,2,26
44,8,2,27
45,8,2,13
46,8,2,14
47,8,3,15
48,8,5,23
49,8,6,15
50,8,6,28
51,8,6,29
52,8,7,28
53,8,8,28
54,8,28,23
55,8,28,11
56,8,28,14
57,10,6,30
58,10,6,31
59,10,28,14
60,10,28,27
61,10,28,25
62,10,28,23
63,10,28,15
64,10,28,26
65,10,28,32
66,10,28,33
67,11,28,27
68,12,28,27
69,13,28,27
70,14,28,27
71,15,28,27
72,16,28,27
73,17,28,27
74,18,28,27
75,10,28,11
76,10,28,1
77,10,28,34
78,10,28,35
79,10,28,36
80,10,28,37
81,10,28,38
82,10,28,39
83,26,28,27
84,28,28,27
85,29,28,27
86,30,28,27
87,10,19,27
88,10,30,27
89,10,31,27
90,10,32,27
91,10,33,27
92,10,34,27
93,10,35,27
94,32,19,24
95,32,19,25
96,32,19,23
97,32,19,15
98,32,19,26
99,32,19,27
100,32,19,32
101,32,19,33
102,32,19,40
103,32,19,41
104,32,19,11
105,33,19,42
106,33,19,43
107,33,28,43
108,33,28,44
109,33,28,45
110,33,28,46
111,33,28,47
112,32,37,33
113,33,37,43
114,33,38,47
115,33,38,48
116,35,38,48
117,36,38,48
118,38,38,48
119,39,38,48
120,38,39,48
121,38,40,48
122,38,36,48
123,38,41,48
124,38,42,48
125,38,37,49
126,38,2,50
127,38,3,48
128,40,3,51
129,40,2,52
130,40,3,53
131,40,2,27
132,40,2,26
133,40,2,15
134,40,2,23
135,40,2,25
136,40,2,24
137,40,3,26
138,40,3,54
139,40,3,15
140,40,6,26
141,40,6,54
142,184,6,55
143,40,6,23
144,40,6,25
145,41,6,15
146,42,3,56
147,42,3,57
148,42,3,58
149,42,3,59
150,42,3,60
151,42,19,61
152,42,19,62
153,42,19,63
154,42,19,64
155,42,19,65
156,45,3,51
157,46,3,0
158,46,3,66
159,46,2,24
160,46,2,25
161,46,2,23
162,46,2,15
163,46,5,25
164,46,5,23
165,46,6,15
166,46,6,28
167,46,3,28
168,47,2,12
169,47,21,67
170,47,13,68
171,49,2,69
172,49,13,70
173,50,19,1
174,50,19,9
175,50,19,71
176,50,19,72
177,50,19,73
178,50,19,74
179,50,19,75
180,50,19,76
181,71,19,11
182,71,19,77
183,71,19,78
184,71,19,79
185,71,43,11
186,71,43,80
187,71,43,81
188,71,43,82
189,61,2,83
190,61,2,84
191,61,2,85
193,61,2,87
194,42,5,88
195,53,19,24
196,53,19,25
197,53,19,23
198,53,19,15
199,53,19,26
200,53,19,27
201,53,19,89
202,53,19,13
203,53,19,11
204,53,19,14
205,54,3,90
206,54,3,91
207,54,3,92
208,42,14,93
209,42,19,94
210,55,2,95
211,55,2,96
212,55,2,97
213,55,2,98
214,55,2,99
215,55,2,100
216,55,2,101
217,55,2,102
218,55,2,103
219,55,2,104
220,55,2,105
221,55,1,106
222,55,1,107
223,56,2,108
224,56,2,109
225,57,2,110
226,57,2,111
227,57,2,112
228,57,2,113
229,42,29,114
230,42,9,114
231,42,10,115
232,42,10,116
233,42,10,117
234,42,10,118
235,59,2,0
236,59,2,119
237,60,2,120
238,60,2,121
239,61,2,122
240,61,3,123
241,54,2,124
242,54,2,125
243,54,2,126
244,62,2,127
245,54,2,128
246,54,2,129
247,54,51,130
248,62,51,131
249,54,15,132
250,54,15,133
251,54,2,134
252,54,2,135
253,54,2,136
254,54,2,137
255,33,19,138
256,33,19,139
257,33,19,140
258,63,3,141
259,56,19,142
260,56,19,143
261,56,19,23
262,56,19,89
263,56,19,144
264,56,19,9
265,64,19,89
266,64,19,144
267,64,19,13
268,64,19,145
269,64,19,11
270,64,19,12
271,64,3,146
272,64,3,147
273,64,3,148
274,65,19,11
275,67,19,1
276,69,19,149
277,70,19,150
278,67,19,9
279,7,3,151
280,51,2,152
281,51,2,153
282,51,2,154
283,51,76,5
284,51,76,153
285,71,3,155
286,72,2,85
287,72,2,156
288,72,2,157
289,72,2,158
290,72,2,159
291,72,2,160
292,72,2,161
293,72,2,162
294,73,3,163
295,74,3,163
296,50,2,11
297,50,2,81
298,50,2,164
299,50,2,165
300,50,2,13
301,75,3,166
302,76,4,167
303,77,3,168
304,78,2,85
305,78,2,169
306,78,2,170
307,78,2,171
308,78,2,172
309,78,2,159
310,42,20,173
311,42,20,174
312,42,20,175
313,42,20,176
314,42,20,177
315,42,20,116
316,79,2,152
317,79,2,178
318,79,2,179
319,79,2,180
320,80,19,181
321,80,19,182
322,80,19,183
323,80,19,184
324,80,2,152
325,80,2,178
326,80,2,179
327,80,2,180
328,42,28,185
329,81,2,14
330,42,3,186
331,82,3,187
332,82,3,188
333,84,19,13
334,85,19,2
335,42,19,114
336,42,19,189
337,42,11,114
338,52,51,190
339,42,3,191
340,43,3,191
341,42,3,192
342,42,2,193
343,43,2,115
344,43,76,115
345,42,3,194
346,43,3,195
347,43,4,195
348,43,2,196
349,43,2,174
350,43,2,88
351,6,3,188
352,7,3,188
353,7,3,22
354,38,44,48
355,38,45,48
356,38,46,48
357,38,47,48
358,38,48,48
359,38,49,48
360,38,50,48
361,38,49,197
362,38,49,198
363,38,49,199
364,38,49,200
365,38,49,201
366,38,49,202
367,38,49,203
368,38,38,199
369,38,48,199
370,38,47,199
371,38,46,199
372,38,45,199
373,38,44,199
374,38,50,199
375,61,2,204
376,61,2,205
377,61,2,206
378,61,2,207
379,61,2,208
380,61,2,209
381,61,2,210
382,61,2,211
383,61,2,212
384,61,2,213
385,61,2,214
386,61,2,11
387,61,6,214
388,61,2,215
389,61,2,216
390,61,2,217
391,61,2,218
392,61,3,219
393,61,3,220
394,88,2,211
395,88,2,205
396,88,2,206
397,88,2,207
398,55,19,221
399,55,19,222
400,86,19,182
401,86,19,181
402,86,19,184
403,86,19,183
404,86,2,178
405,86,2,152
406,86,2,180
407,86,2,179
408,79,19,182
409,79,19,181
410,79,19,184
411,79,19,183
412,43,2,193
413,61,51,223
414,61,51,224
415,61,51,225
416,61,19,226
417,61,19,227
418,61,19,228
419,61,19,229
420,61,52,230
421,61,52,231
422,61,52,232
423,61,52,233
424,89,2,211
425,89,2,205
426,89,2,206
427,90,28,234
428,90,28,235
429,90,28,236
430,90,28,237
431,90,28,238
432,90,28,239
433,90,28,240
434,90,28,241
435,90,28,242
436,90,28,243
437,90,5,244
438,90,5,245
439,90,5,246
440,90,5,247
441,90,5,248
442,90,5,249
443,90,5,250
444,90,5,251
445,90,5,252
446,90,5,253
447,90,3,254
448,90,3,255
449,90,3,256
450,90,3,257
451,90,3,258
452,90,3,259
453,90,3,260
454,90,3,261
455,90,3,262
456,80,19,263
457,80,19,264
458,80,19,265
459,80,19,266
460,80,19,267
461,80,19,268
462,80,19,269
463,80,19,270
464,80,19,271
465,80,19,137
466,80,19,272
467,80,19,143
468,80,19,20
469,80,19,142
470,80,19,273
471,80,19,274
472,80,19,275
473,80,19,276
474,80,19,277
475,91,6,28
476,91,6,278
477,91,6,279
478,91,6,31
479,91,6,280
480,92,6,31
481,91,6,281
482,91,6,282
483,91,6,283
484,91,6,284
485,91,6,285
486,91,6,286
487,91,6,287
488,91,6,27
489,91,5,26
490,91,3,279
491,91,7,279
492,91,8,279
493,94,6,279
494,93,6,279
495,95,6,279
496,96,6,279
497,97,6,279
498,98,2,193
499,98,2,174
500,98,2,173
501,98,2,288
502,98,2,116
503,98,2,115
504,99,2,193
505,99,2,174
506,99,2,173
507,99,2,288
508,99,2,116
509,100,19,273
510,100,19,142
511,100,19,20
512,100,19,143
513,100,19,272
514,100,19,137
515,100,19,271
516,101,19,273
517,101,19,142
518,101,19,20
519,101,19,143
520,101,19,272
521,101,19,137
522,101,19,271
523,101,19,289
524,102,19,273
525,102,19,142
526,102,19,20
527,102,19,143
528,102,19,272
529,102,19,137
530,102,19,271
531,100,19,267
532,100,19,266
533,100,19,265
534,100,19,264
535,101,19,267
536,101,19,266
537,101,19,265
538,101,19,264
539,102,19,267
540,102,19,266
541,102,19,265
542,102,19,264
543,103,2,290
544,56,2,290
545,104,6,291
546,104,6,292
547,104,6,293
548,104,6,294
549,104,6,295
550,104,6,296
551,104,6,297
552,104,6,29
553,104,6,28
554,104,6,0
555,104,5,298
556,105,6,297
557,105,6,29
558,105,6,28
559,106,5,157
560,106,5,156
561,106,5,85
562,106,5,299
563,106,5,161
564,106,5,300
565,107,5,157
566,107,5,300
567,106,19,26
568,106,19,23
569,106,17,14
570,106,17,11
571,106,17,205
572,108,2,301
573,108,52,302
574,108,14,302
575,108,14,303
576,108,19,304
577,108,19,41
578,108,14,305
579,108,14,306
580,108,14,307
581,108,19,271
582,108,19,272
583,108,19,20
584,108,19,33
585,108,19,27
586,108,19,15
587,108,19,25
588,68,19,308
589,68,19,266
590,68,19,264
591,68,19,273
592,68,19,143
593,68,19,289
594,68,2,309
595,68,2,310
596,68,2,311
597,68,3,312
598,109,3,151
599,109,3,313
600,109,2,314
601,109,2,315
602,109,2,316
603,109,3,317
604,109,3,187
605,109,3,318
606,109,3,319
607,109,3,188
608,110,3,151
609,110,3,313
610,110,2,314
611,110,2,315
612,110,2,316
613,110,3,317
614,110,3,187
615,110,3,318
616,110,3,319
617,110,3,188
618,111,28,298
619,111,28,273
620,111,28,142
621,111,28,20
622,111,28,272
623,111,28,23
624,111,28,15
625,111,28,26
626,111,28,27
627,111,28,308
628,111,28,268
629,111,28,320
630,111,28,13
631,111,28,11
632,112,28,143
633,112,28,23
634,112,28,15
635,112,28,26
636,112,28,27
637,112,28,32
638,112,28,33
639,112,28,1
640,112,28,9
641,112,28,2
642,111,2,142
643,111,2,20
644,111,2,143
645,111,2,272
646,111,2,137
647,111,2,25
648,111,2,23
649,111,2,15
650,111,2,18
651,111,2,19
652,111,2,321
653,111,2,322
654,111,2,323
655,111,2,13
656,111,2,11
657,111,2,14
658,112,2,324
659,112,2,325
660,112,2,326
661,112,2,327
662,112,2,328
663,112,2,329
664,112,2,25
665,112,2,23
666,112,2,15
667,112,2,26
668,112,2,32
669,112,2,11
670,112,2,14
671,112,2,12
672,114,3,330
673,114,3,331
674,114,3,332
675,114,3,333
676,121,5,334
677,115,5,334
678,117,5,334
679,122,5,335
680,116,5,335
681,118,5,335
682,123,5,334
683,123,5,336
684,123,5,337
685,119,5,334
686,120,5,307
687,119,5,336
688,120,5,336
689,119,5,337
690,120,5,337
691,123,19,88
692,119,19,88
693,120,19,88
694,124,53,338
695,124,53,339
696,124,53,340
697,111,28,143
698,61,2,341
699,61,2,108
700,61,3,342
701,61,2,52
702,61,3,51
703,61,3,343
704,61,3,344
705,61,3,0
706,89,2,11
707,89,2,23
708,89,2,52
709,89,3,51
710,88,2,23
711,88,2,52
712,125,2,322
713,125,2,345
714,125,2,346
715,125,19,239
716,126,2,325
717,126,2,324
718,126,5,347
719,61,2,159
720,61,2,348
721,89,2,159
722,89,2,348
723,127,2,349
724,127,2,350
725,127,2,351
726,127,2,352
727,129,3,353
728,129,3,354
729,129,19,23
730,129,19,40
731,130,52,355
732,131,52,356
733,132,52,357
734,124,52,356
735,133,2,358
736,133,2,359
737,133,2,360
738,133,2,361
739,133,2,311
740,61,28,27
741,61,28,9
742,61,28,122
743,61,54,157
744,61,54,362
745,61,54,363
746,61,2,290
747,87,52,364
748,87,52,365
749,87,52,366
750,51,19,1
751,51,43,80
752,51,43,367
753,51,4,86
754,51,7,86
755,134,55,158
756,134,19,33
757,134,5,158
758,135,55,362
759,135,19,9
760,135,5,362
761,136,55,368
762,136,19,369
763,136,5,368
764,136,55,370
765,136,19,371
766,136,5,370
767,136,55,372
768,136,19,373
769,136,5,372
770,137,55,158
771,137,19,33
772,137,5,158
773,137,55,6
774,137,19,2
775,137,5,6
776,137,55,374
777,137,19,375
778,137,5,374
779,138,5,300
780,138,5,376
781,138,5,377
782,138,5,378
783,138,5,379
784,138,5,380
785,138,5,299
786,138,5,85
787,138,5,156
788,138,5,381
789,138,5,382
790,138,5,383
791,138,5,384
792,138,2,381
793,138,2,382
794,138,2,383
795,138,2,384
796,139,26,11
797,139,26,385
798,139,26,386
799,140,2,122
800,141,2,122
801,141,2,26
802,141,2,387
803,141,4,388
804,82,56,389
805,82,5,390
806,82,56,298
807,82,56,391
808,42,56,392
809,143,19,393
810,143,19,394
811,143,3,395
812,143,3,396
813,143,55,397
814,143,55,398
815,142,19,394
816,142,19,399
817,144,2,11
818,144,2,12
819,124,57,400
820,124,58,400
821,124,59,356
822,42,57,114
823,19,28,401
824,19,28,402
825,19,28,403
826,19,28,404
827,19,28,405
828,19,28,406
829,19,28,407
830,19,28,408
831,19,28,409
832,19,28,410
833,19,28,411
834,19,28,412
835,19,6,413
836,19,6,414
837,19,6,415
838,19,6,416
839,19,6,417
840,19,6,418
841,19,6,419
842,19,6,420
843,19,6,421
844,19,6,422
845,19,6,423
846,19,6,424
847,20,28,401
848,20,28,402
849,20,28,403
850,20,28,404
851,20,28,405
852,20,28,406
853,20,28,407
854,20,28,408
855,20,28,409
856,20,28,410
857,20,28,411
858,20,28,412
859,21,28,401
860,21,28,402
861,21,28,403
862,21,28,404
863,21,28,405
864,21,28,406
865,21,28,407
866,21,28,408
867,21,28,409
868,21,28,410
869,21,28,411
870,21,28,412
871,23,28,401
872,23,28,402
873,23,28,403
874,23,28,404
875,23,28,405
876,23,28,406
877,23,28,407
878,23,28,408
879,23,28,409
880,23,28,410
881,23,28,411
882,23,28,412
883,24,28,401
884,24,28,402
885,24,28,403
886,24,28,404
887,24,28,405
888,24,28,406
889,24,28,407
890,24,28,408
891,24,28,409
892,24,28,410
893,24,28,411
894,24,28,412
895,25,28,401
896,25,28,402
897,25,28,403
898,25,28,404
899,25,28,405
900,25,28,406
901,25,28,407
902,25,28,408
903,25,28,409
904,25,28,410
905,25,28,411
906,25,28,412
907,22,28,425
908,22,28,426
909,22,28,427
910,22,28,428
911,22,28,429
912,22,28,430
913,22,28,431
914,22,28,432
915,22,28,433
916,22,28,434
917,22,28,435
918,22,28,436
919,19,28,437
920,19,28,438
921,19,28,439
922,146,19,9
923,145,19,9
924,146,2,440
925,145,2,440
926,146,19,1
927,146,19,2
928,146,19,7
929,146,19,441
930,146,19,442
931,146,19,443
932,145,19,442
933,145,19,443
934,147,19,23
935,147,19,444
936,148,19,445
937,148,19,446
938,148,19,447
939,148,19,322
940,148,19,238
941,148,19,346
942,149,6,40
943,150,2,448
944,150,2,449
945,150,5,450
946,150,5,451
947,150,3,452
948,150,3,453
949,150,3,454
950,150,2,455
951,150,2,456
952,150,2,457
953,150,2,458
954,150,2,459
955,150,2,460
956,150,2,461
957,150,76,116
958,150,76,459
959,151,19,462
960,152,19,463
961,153,19,463
962,50,19,464
963,50,19,465
964,50,19,466
965,50,19,467
966,50,19,468
967,50,19,469
968,50,19,470
969,50,26,471
970,50,26,472
971,50,26,473
972,50,27,471
973,50,27,472
974,50,27,473
975,154,2,474
976,54,2,475
977,85,1,476
978,85,5,6
979,155,60,477
980,155,54,478
981,156,19,267
982,156,19,266
983,156,19,265
984,156,19,264
985,156,19,479
986,156,19,480
987,156,19,481
988,156,3,482
989,156,3,483
990,156,3,484
991,156,3,485
992,156,3,486
993,156,3,487
994,156,3,488
995,156,3,489
996,157,19,490
997,157,19,491
998,157,19,492
999,158,18,12
1000,159,25,12
1001,158,19,7
1002,159,19,7
1003,160,2,159
1004,160,61,225
1005,160,61,493
1006,124,62,356
1007,128,2,494
1008,128,2,495
1009,128,2,496
1010,128,2,497
1011,50,19,32
1012,50,19,40
1013,50,19,26
1014,50,19,498
1015,75,19,499
1016,50,19,143
1017,86,52,357
1018,151,52,500
1019,161,52,501
1020,80,52,357
1021,86,62,357
1022,151,62,500
1023,161,62,501
1024,80,62,357
1025,86,63,19
1026,151,63,11
1027,161,63,502
1028,80,63,19
1029,80,63,17
1030,80,63,18
1031,80,63,321
1032,151,63,13
1033,162,63,116
1034,27,52,503
1035,27,52,364
1036,27,52,365
1037,27,63,18
1038,27,63,19
1039,27,63,321
1040,42,63,455
1041,164,63,455
1042,27,52,357
1043,27,62,504
1044,27,62,505
1045,27,62,357
1046,27,62,506
1047,11,62,357
1048,163,62,507
1049,31,62,357
1050,42,63,508
1051,27,72,357
1052,27,73,357
1053,27,64,509
1054,27,65,509
1055,27,68,509
1056,27,66,509
1057,27,69,509
1058,27,75,509
1059,27,71,510
1060,27,74,511
1061,27,67,509
1062,27,70,512
1063,165,52,513
1064,37,52,513
1065,168,52,513
1066,169,52,513
1067,170,52,513
1068,165,62,513
1069,165,63,322
1070,165,63,393
1071,165,63,514
1072,165,63,100
1073,167,63,100
1074,165,63,99
1075,165,63,102
1076,166,63,100
1077,165,63,515
1078,165,63,516
1079,165,63,517
1080,171,76,518
1081,172,2,266
1082,171,76,519
1083,171,76,520
1084,171,76,521
1085,171,76,522
1086,171,76,523
1087,171,76,524
1088,171,76,525
1089,171,76,526
1090,171,76,527
1091,172,2,142
1092,172,2,20
1093,172,2,143
1094,172,2,308
1095,172,2,272
1096,172,2,137
1097,172,2,267
1098,172,2,265
1099,172,2,264
1100,171,19,519
1101,171,19,518
1102,171,19,521
1103,172,19,308
1104,172,19,267
1105,172,19,266
1106,172,19,265
1107,172,19,264
1108,173,2,528
1109,173,2,529
1110,173,2,530
1111,173,2,531
1112,173,2,532
1113,173,2,533
1114,173,2,534
1115,173,2,535
1116,173,2,536
1117,173,2,537
1118,173,2,538
1119,173,2,539
1120,173,2,540
1121,173,2,541
1122,173,2,542
1123,173,2,543
1124,173,2,544
1125,173,2,545
1126,173,2,546
1127,173,2,547
1128,173,2,548
1129,173,2,549
1130,173,76,534
1131,173,76,535
1132,173,76,536
1133,173,76,537
1134,173,76,538
1135,173,76,539
1136,173,6,550
1137,173,6,551
1138,173,6,552
1139,173,6,553
1140,173,6,554
1141,173,6,555
1142,173,6,556
1143,173,6,557
1144,173,6,558
1145,173,6,559
1146,173,6,560
1147,173,6,561
1148,174,19,562
1149,174,19,563
1150,174,19,564
1151,174,2,565
1152,174,2,566
1153,174,19,563
1154,127,2,567
1155,127,2,568
1156,127,2,569
1157,127,2,570
1158,127,2,571
1159,127,2,572
1160,127,2,573
1161,127,2,574
1162,127,2,575
1163,127,2,576
1164,127,2,577
1165,127,76,567
1166,127,76,568
1167,127,76,569
1168,127,76,570
1169,127,76,571
1170,127,76,575
1171,127,76,576
1172,127,19,578
1173,127,19,579
1174,127,19,580
1175,127,19,581
1176,127,19,582
1177,127,19,583
1178,127,19,584
1179,127,19,585
1180,127,19,586
1181,127,19,587
1182,127,19,588
1183,127,19,573
1184,127,19,576
1185,127,19,589
1186,127,19,590
1187,175,3,591
1188,175,3,592
1189,175,3,593
1190,175,3,594
1191,175,3,595
1192,175,19,242
1193,175,19,596
1194,175,76,84
1195,175,2,84
1196,175,5,84
1197,3,76,341
1198,3,2,84
1199,3,19,242
1200,3,3,592
1201,3,2,209
1202,176,52,500
1203,177,52,500
1204,178,2,597
1205,178,3,598
1206,178,3,599
1207,178,3,600
1208,178,3,601
1209,178,3,602
1210,178,3,603
1211,179,2,12
1212,180,2,12
1213,181,2,12
1214,182,5,604
1215,182,5,605
1216,182,5,606
1217,182,5,607
1218,183,5,5
1219,183,5,362
1220,183,5,6
1221,184,2,608
1222,185,2,290
1223,185,2,387
1224,185,3,342
1225,186,3,609
1226,186,2,346
1227,186,3,610
1228,186,3,611
1229,186,3,612
1230,66,2,290
1231,65,2,290
1232,65,2,613
1233,66,3,187
1234,66,3,614
1235,66,3,188
1236,66,3,591
1237,66,3,592
1238,66,3,593
1239,79,2,11
1240,187,2,290
1241,188,2,615
1242,188,2,14
1243,188,2,26
1244,188,2,25
1245,189,2,616
1246,189,2,617
1247,189,2,174
1248,190,2,616
1249,190,2,618
1250,190,2,619
1251,190,2,620
1252,190,76,616
1253,190,2,617
1254,190,2,621
1255,190,2,193
1256,190,2,196
1257,190,2,174
1258,190,2,88
1259,190,2,173
1260,190,2,622
1261,190,2,623
1262,113,2,616
1263,113,76,616
1264,113,2,623
1265,113,2,622
1266,113,2,617
1267,113,2,621
1268,113,2,193
1269,113,2,196
1270,113,2,174
1271,113,2,88
1272,113,2,173
1273,111,63,324
1274,111,63,325
1275,111,63,18
1276,111,63,321
1277,111,63,142
1278,111,63,20
1279,111,63,143
1280,111,63,272
1281,111,77,624
1282,111,77,625
1283,111,77,626
1284,111,77,627
1285,111,77,628
1286,111,77,629
1287,111,77,630
1288,111,77,631
1289,191,2,494
1290,191,2,495
1291,191,2,496
1292,191,2,497
1293,191,2,632
1294,191,2,633
1295,191,2,634
1296,192,2,635
1297,192,2,636
1298,191,2,12
1299,191,2,221
1300,191,2,222
1301,191,2,637
1302,191,19,496
1303,191,19,497
1304,193,2,12
1305,193,2,221
1306,193,2,222
1307,193,2,637
1308,48,2,12
1309,48,2,221
1310,48,2,222
1311,48,2,637
1312,49,2,502
1313,49,2,101
1314,49,2,103
1315,49,2,105
1316,194,19,238
1317,195,19,238
1318,197,3,638
1319,197,3,639
1320,196,3,638
1321,196,2,115
1322,57,6,297
1323,57,6,28
1324,58,6,0
1325,127,6,640
1326,127,6,641
1327,127,6,642
1328,127,6,643
1329,127,6,644
1330,127,6,645
1331,198,2,12
1332,198,2,646
1333,198,2,647
1334,198,2,11
1335,198,2,14
1336,198,2,221
1337,198,2,648
1338,198,2,289
1339,199,2,11
1340,199,2,14
1341,199,2,12
1342,199,2,221
1344,201,2,649
1345,202,2,266
1346,203,2,13
1347,203,2,11
1348,203,2,14
1349,205,2,97
1350,205,2,99
1351,206,2,97
1352,206,2,99
1353,204,2,650
1354,204,2,651
1355,204,2,652
1356,204,2,653
1357,207,5,654
1358,207,2,322
1359,207,78,655
1360,111,2,324
1361,208,2,5
1362,208,2,362
1363,208,2,6
1364,208,2,656
1365,209,2,174
1366,209,2,173
1367,209,2,115
1368,209,2,456
1369,210,2,5
1370,210,2,6
1371,211,2,174
1372,211,2,115
1373,208,19,1
1374,211,19,657
1375,212,19,1
1376,213,2,115
1377,214,2,658
1378,214,2,265
1379,214,2,267
1380,217,3,659
1381,216,3,660
1382,216,3,661
1383,215,3,660
1384,215,3,661
1385,215,3,662
1386,215,3,663
1387,215,3,664
1388,215,19,665
1389,215,19,666
1390,215,19,667
1391,215,19,668
1392,215,3,669
1393,215,3,670
1394,215,3,671
1395,215,3,672
1396,42,79,174
1397,218,2,174
1398,218,2,88
1399,218,2,173
1400,218,2,175
1401,218,2,116
1402,218,76,174
1403,218,76,88
1404,218,76,173
1405,218,76,115
1406,218,76,175
1407,218,76,116
1408,219,3,51
1409,219,3,673
1410,219,3,674
1411,219,2,26
1412,219,2,32
1413,220,2,32
1414,219,2,675
1415,219,4,676
1416,219,4,677
1417,219,76,15
1418,219,76,26
1419,219,76,32
1420,219,76,675
1421,219,76,13
1422,219,76,11
1423,61,19,678
1424,61,3,679
1425,61,3,680
1426,61,3,681
1427,61,16,682
1428,88,3,344
1429,253,19,683
1430,33,19,684
1431,38,23,685
1432,38,28,686
1433,38,19,687
1434,221,24,688
1435,201,2,309
1436,201,2,689
1437,201,2,310
1438,201,28,689
1439,201,28,310
1440,42,80,115
1441,222,80,26
1442,38,2,690
1443,33,2,691
1444,42,2,692
1445,42,2,117
1446,223,2,104
1447,223,2,102
1448,84,2,145
1449,42,2,693
1450,42,2,175
1451,224,2,322
1452,225,2,694
1453,226,2,695
1454,227,4,696
1455,228,81,697
1456,229,2,698
1457,225,2,699
1458,227,4,700
1459,230,4,700
1460,227,3,701
1461,231,4,702
1462,231,4,703
1463,231,4,704
1464,232,4,705
1465,232,8,705
1466,231,4,706
1467,233,28,138
1468,233,19,707
1469,233,19,138
1470,233,19,708
1471,233,19,709
1472,233,28,710
1473,234,2,266
1474,234,2,14
1475,234,2,12
1476,235,2,14
1477,56,2,210
1478,56,28,268
1479,56,28,142
1480,150,28,711
1481,150,28,712
1482,150,2,713
1483,150,28,713
1484,237,7,714
1485,237,28,711
1486,238,28,715
1487,238,28,716
1488,238,28,717
1489,238,28,718
1490,238,28,719
1491,238,28,720
1492,238,28,721
1493,238,28,722
1494,238,28,723
1495,238,28,724
1496,238,28,725
1497,238,28,726
1498,238,28,727
1499,238,28,728
1500,238,28,729
1501,238,28,730
1502,238,28,731
1503,238,28,732
1504,238,28,269
1505,238,28,733
1506,238,28,734
1507,238,28,735
1508,238,28,736
1509,239,2,737
1510,80,5,738
1511,80,5,739
1512,80,5,740
1513,80,5,741
1514,80,5,742
1515,44,19,743
1516,42,6,744
1517,42,6,745
1518,42,6,746
1519,42,6,747
1520,42,6,748
1521,42,6,749
1522,42,6,750
1523,42,6,751
1524,42,4,744
1525,42,3,752
1526,42,3,753
1527,42,3,754
1528,42,3,755
1529,83,6,756
1530,83,6,757
1531,83,6,758
1532,83,6,759
1533,83,6,760
1534,83,3,761
1535,42,22,762
1536,42,22,763
1537,51,2,5
1538,240,2,14
1539,51,2,764
1540,241,2,14
1541,234,3,765
1542,234,3,591
1543,234,2,26
1544,234,2,32
1545,234,2,308
1546,234,2,267
1547,234,2,265
1548,234,2,264
1549,234,2,11
1550,236,2,14
1551,235,76,11
1552,235,76,14
1553,235,3,476
1554,235,19,11
1555,235,19,14
1556,244,3,476
1557,244,82,476
1558,242,3,476
1559,242,82,476
1560,33,3,766
1561,33,82,766
1562,33,19,767
1563,33,19,768
1564,33,19,100
1565,33,19,769
1566,33,19,770
1567,33,19,771
1568,243,19,11
1569,243,19,34
1570,245,28,772
1571,245,28,773
1572,245,28,373
1573,246,28,772
1574,247,4,774
1575,247,28,775
1576,248,2,142
1577,248,76,265
1578,249,76,109
1579,249,76,24
1580,249,2,208
1581,249,76,208
1582,249,76,20
1583,249,4,776
1584,251,19,683
1585,34,28,139
1586,250,28,683
1587,34,19,767
1588,251,19,777
1589,252,19,777
1590,33,19,778
1591,42,83,779
1592,42,83,780
1593,254,2,25
1594,254,2,23
1595,254,2,15
1596,254,2,26
1597,254,2,27
1598,254,2,32
1599,254,2,11
1600,254,2,165
1601,254,76,32
1602,86,2,218
1603,86,2,781
1604,86,2,475
1605,86,2,782
1606,86,2,783
1607,80,2,218
1608,80,2,781
1609,80,2,475
1610,80,2,782
1611,80,2,783
1612,255,2,784
1613,255,2,349
1614,255,2,350
1615,255,2,351
1616,255,2,352
1617,257,2,218
1618,257,2,781
1619,257,2,475
1620,257,2,782
1621,257,2,783
1622,258,2,69
1623,80,83,785
1624,80,83,786
1625,259,2,23
1626,259,4,787
1627,259,2,11
1628,259,4,788
1629,259,2,222
1630,259,2,496
1631,259,2,497
1632,259,2,789
1633,259,4,790
1634,259,3,791
1635,259,3,792
1636,259,6,791
1637,259,6,792
1638,259,2,793
1639,259,2,794
1640,259,2,795
1641,259,2,796
1642,259,2,797
1643,259,2,798
1644,259,2,799
1645,259,2,800
1646,259,2,801
1647,259,2,802
1648,256,19,89
1649,260,19,105
1650,55,2,803
1651,261,19,804
1652,261,19,114
1653,261,19,189
1654,42,19,804
1655,262,2,805
1656,262,19,9
1657,263,19,649
1658,263,19,145
1659,263,19,358
1660,263,19,806
1661,263,19,11
1662,263,19,309
1663,49,3,343
1664,49,3,353
1665,49,3,807
1666,49,3,808
1667,49,3,809
1668,49,3,810
1669,49,2,811
1670,49,2,812
1671,49,2,813
1672,49,2,814
1673,49,2,815
1674,49,2,816
1675,49,2,817
1676,49,2,818
1677,49,2,819
1678,49,2,820
1679,49,2,821
1680,49,2,822
1681,49,2,823
1682,49,2,824
1683,49,4,825
1684,49,5,817
1685,49,19,40
1686,49,19,826
1687,49,19,827
1688,49,19,828
1689,249,2,298
1690,249,2,273
1691,249,2,142
1692,249,2,20
1693,249,2,143
1694,249,2,272
1695,249,2,137
1696,249,2,308
1697,249,2,267
1698,249,2,266
1699,249,2,265
1700,283,19,490
1701,283,19,491
1702,283,19,492
1703,283,2,14
1704,283,2,12
1705,283,2,221
1706,283,19,829
1707,283,19,234
1708,283,19,235
1709,283,19,359
1710,283,19,311
1711,283,2,649
1712,283,2,689
1713,283,2,830
1714,283,2,360
1715,283,2,311
1716,283,4,831
1717,283,4,832
1718,174,19,833
1719,174,19,566
1720,174,19,834
1721,174,19,835
1722,174,19,836
1723,174,19,837
1724,174,19,838
1725,174,19,839
1726,174,19,840
1727,174,19,565
1728,174,19,841
1729,174,19,842
1730,174,19,843
1731,174,19,844
1732,174,28,839
1733,174,28,845
1734,174,28,846
1735,174,28,847
1736,174,28,848
1737,174,28,849
1738,174,2,834
1739,174,2,835
1740,174,2,836
1741,174,2,562
1742,174,2,837
1743,174,2,838
1744,174,2,842
1745,174,2,843
1746,174,2,844
1747,174,2,850
1748,174,4,851
1749,174,4,852
1750,174,4,853
1751,174,4,854
1752,174,4,855
1753,174,4,856
1754,174,4,857
1755,174,4,858
1756,174,4,859
1757,174,4,860
1758,174,4,861
1759,288,3,862
1760,288,3,168
1761,288,3,863
1762,288,3,53
1763,288,3,864
1764,288,3,865
1765,288,3,866
1766,288,3,867
1767,288,3,868
1768,302,3,862
1769,302,3,168
1770,302,3,863
1771,302,3,53
1772,302,3,864
1773,302,3,865
1774,302,3,866
1775,302,3,867
1776,302,3,868
1777,334,19,869
1778,334,19,267
1779,334,19,266
1780,334,19,289
1781,334,19,870
1782,334,28,870
1783,317,19,9
1784,317,19,40
1785,317,84,9
1786,317,84,40
1787,317,19,871
1788,317,19,872
1789,323,19,114
1790,324,19,114
1791,42,85,114
1792,42,84,114
1793,42,19,873
1794,42,19,874
1795,286,19,875
1796,287,19,875
1797,42,19,876
1798,328,2,193
1799,328,2,196
1800,328,2,174
1801,328,2,88
1802,328,2,173
1803,328,2,657
1804,328,2,175
1805,328,2,116
1806,276,2,211
1807,276,2,205
1808,276,2,206
1809,239,2,877
1810,239,2,878
1811,239,2,879
1812,267,2,880
1813,267,2,737
1814,267,2,881
1815,239,2,880
1816,239,2,881
1817,239,2,882
1818,239,2,883
1819,239,3,884
1820,239,3,885
1821,239,3,886
1822,239,3,887
1823,239,3,888
1824,239,3,889
1825,330,2,1
1826,330,2,2
1827,340,2,264
1828,340,63,18
1829,278,5,5
1830,278,5,362
1831,278,5,6
1832,278,2,14
1833,278,2,221
1834,278,2,637
1835,278,2,890
1836,289,2,205
1837,289,2,206
1838,289,2,207
1839,289,2,891
1840,313,2,892
1841,313,2,893
1842,313,2,894
1843,345,3,895
1844,280,3,0
1845,280,3,66
1846,280,3,896
1847,280,3,897
1848,280,3,168
1849,280,3,53
1850,280,3,86
1851,280,3,476
1852,279,2,193
1853,279,2,196
1854,279,2,174
1855,279,2,173
1856,279,3,203
1857,279,3,898
1858,279,2,899
1859,129,2,52
1860,129,2,23
1861,129,2,15
1862,129,2,25
1863,129,2,900
1864,129,2,901
1865,265,2,52
1866,264,3,902
1867,264,2,903
1868,264,2,904
1869,264,2,905
1870,264,2,906
1871,264,2,907
1872,264,2,908
1873,264,2,909
1874,264,2,910
1875,264,4,911
1876,264,4,912
1877,264,4,913
1878,264,4,914
1879,264,4,915
1880,264,4,916
1881,321,4,917
1882,321,4,918
1883,321,4,919
1884,321,4,920
1885,321,4,921
1886,264,86,903
1887,264,86,904
1888,264,86,905
1889,264,19,922
1890,264,19,923
1891,264,19,924
1892,264,28,925
1893,264,28,922
1894,264,28,926
1895,264,28,927
1896,264,28,928
1897,264,28,929
1898,337,3,343
1899,337,3,51
1900,337,3,342
1901,344,6,29
1902,344,6,28
1903,344,6,930
1904,343,6,930
1905,343,4,29
1906,344,4,28
1907,343,4,930
1908,344,4,930
1909,344,3,863
1910,344,3,864
1912,344,3,868
1913,344,3,86
1914,344,3,476
1915,344,3,931
1916,344,3,932
1917,344,3,933
1918,344,3,934
1919,269,2,109
1920,269,2,204
1921,269,2,83
1922,269,2,212
1923,269,2,341
1924,269,2,208
1925,270,2,109
1926,270,2,204
1927,270,2,83
1928,270,2,212
1929,270,2,341
1930,270,2,208
1931,269,3,935
1932,269,3,936
1933,269,3,591
1934,269,3,937
1935,269,3,938
1936,269,3,939
1937,270,3,935
1938,270,3,936
1939,270,3,591
1940,270,3,937
1941,270,3,938
1942,270,3,939
1943,284,19,143
1944,284,19,304
1945,284,19,269
1946,294,19,143
1947,294,19,304
1948,294,19,269
1949,305,2,196
1950,305,2,174
1951,305,2,88
1952,305,2,657
1953,305,2,115
1954,305,3,940
1955,305,3,639
1956,305,3,195
1957,305,3,941
1958,305,3,942
1959,305,3,943
1960,305,3,944
1961,305,3,945
1962,305,3,191
1963,306,4,946
1964,306,4,947
1965,306,4,948
1966,305,3,949
1967,305,3,950
1968,305,2,116
1969,305,2,173
1970,56,2,360
1971,56,2,311
1972,56,2,951
1973,56,2,309
1974,56,2,649
1975,56,2,689
1976,56,2,830
1977,56,2,952
1978,56,2,953
1979,56,2,954
1980,56,2,955
1981,56,2,956
1982,56,2,957
1983,56,2,958
1984,56,2,959
1985,56,2,960
1986,56,2,961
1987,56,3,962
1988,56,3,963
1989,56,3,964
1990,56,3,965
1991,56,3,966
1992,56,3,967
1993,275,5,156
1994,275,5,157
1995,275,19,26
1996,275,19,27
1997,275,5,968
1998,275,5,969
1999,275,5,970
2000,275,17,11
2001,275,17,14
2002,275,17,12
2003,311,4,971
2004,336,3,344
2005,336,3,343
2006,336,3,51
2007,336,3,353
2008,336,3,972
2009,336,3,973
2010,336,3,123
2011,336,3,974
2012,335,2,975
2013,335,2,976
2014,335,2,977
2015,335,28,978
2016,335,28,979
2017,335,28,980
2018,335,28,981
2019,61,2,143
2020,61,2,18
2021,61,2,19
2022,61,2,982
2023,61,2,983
2024,61,2,984
2025,61,2,985
2026,61,2,986
2027,61,2,987
2028,61,2,988
2029,61,19,27
2030,61,19,1
2031,61,19,9
2032,61,19,72
2033,61,43,32
2034,61,43,11
2035,61,43,14
2036,61,43,183
2037,61,25,11
2038,61,26,11
2039,61,64,476
2040,61,14,989
2041,312,3,638
2042,312,3,942
2043,312,3,943
2044,312,3,990
2045,818,3,972
2046,312,19,116
2047,312,19,508
2048,172,2,479
2049,172,2,992
2050,172,2,993
2051,285,2,994
2052,285,2,995
2053,285,2,996
2054,285,2,997
2055,285,2,998
2056,285,3,342
2057,285,19,999
2058,268,19,1000
2059,268,2,1001
2060,172,2,1002
2061,172,2,1003
2062,172,3,1004
2063,172,2,1005
2064,172,2,1006
2065,172,6,1007
2066,55,1,1008
2067,55,1,1009
2068,55,60,25
2069,318,2,1010
2070,339,2,1010
2071,339,2,474
2072,339,2,1011
2073,171,19,1012
2074,171,19,1013
2075,171,19,463
2076,215,2,1014
2077,215,2,1015
2078,215,2,1016
2079,215,2,1017
2080,215,2,1018
2081,215,2,1019
2082,215,2,1020
2083,215,2,1021
2084,215,3,1022
2085,216,2,1023
2086,217,2,1024
2087,216,2,1025
2088,217,2,1026
2089,217,2,1027
2090,216,2,1014
2091,216,4,1028
2092,217,4,1029
2093,215,4,1030
2094,300,2,1031
2095,301,2,1031
2096,299,2,1031
2097,197,28,173
2098,197,28,114
2099,329,5,1032
2100,329,5,1033
2101,329,5,1034
2102,266,28,1035
2103,319,2,1036
2104,319,2,204
2105,319,2,1037
2106,320,2,1038
2107,304,2,1036
2108,303,2,1039
2109,303,2,23
2110,345,52,1040
2111,350,52,500
2112,349,52,1041
2113,310,3,342
2114,310,2,290
2115,310,2,1042
2116,310,2,32
2117,316,3,673
2118,295,3,342
2119,281,7,1043
2120,281,7,1044
2121,233,7,1045
2122,281,7,1046
2123,281,7,1047
2124,281,7,1048
2125,281,87,1043
2126,281,7,1049
2127,281,7,1050
2128,281,7,1051
2129,281,87,1052
2130,281,7,1053
2131,139,26,1054
2132,139,26,1055
2133,139,26,1056
2134,139,26,1057
2135,290,3,1058
2136,298,3,1058
2137,322,28,1059
2138,331,28,27
2139,346,2,23
2140,271,3,1060
2141,271,28,15
2142,338,3,593
2143,80,3,593
2144,274,3,168
2145,291,3,1061
2146,291,3,1062
2147,291,3,1063
2148,291,3,1064
2149,291,28,1065
2150,291,28,1066
2151,291,63,1067
2152,292,19,11
2153,285,2,1068
2154,285,5,1068
2155,217,2,1069
2156,285,28,11
2157,308,28,238
2158,171,3,1070
2159,109,2,1071
2160,273,28,11
2161,314,28,11
2162,86,3,614
2163,86,3,592
2164,347,3,1072
2165,327,28,369
2167,149,3,673
2168,293,28,100
2169,307,28,11
2170,326,28,1073
2171,296,3,973
2172,315,3,342
2173,296,28,11
2174,296,28,26
2175,315,28,26
2176,342,28,26
2177,314,4,1074
2178,297,2,1075
2179,109,2,32
2180,274,3,86
2181,274,28,15
2182,325,2,1076
2183,257,3,1077
2184,277,3,1078
2185,309,3,1079
2186,333,3,1080
2187,325,3,342
2188,314,2,613
2189,314,4,1081
2190,314,2,1076
2191,314,4,1082
2192,314,2,290
2193,257,2,290
2194,282,2,290
2195,332,3,344
2196,348,2,996
2197,348,2,996
2198,272,2,308
2199,140,19,14
2200,351,2,267
2201,351,2,265
2202,351,2,298
2203,351,19,20
2204,351,19,271
2205,352,2,267
2206,352,2,265
2207,353,2,1083
2208,353,2,1084
2209,352,2,298
2210,352,2,142
2211,352,2,143
2212,353,2,1085
2213,353,2,1086
2214,353,2,1087
2215,351,2,142
2216,351,2,143
2217,351,5,298
2218,351,5,142
2219,351,5,20
2220,351,5,143
2221,351,5,272
2222,351,6,28
2223,351,6,278
2224,351,6,279
2225,351,6,31
2226,351,6,1088
2227,354,2,298
2228,354,2,273
2229,354,2,142
2230,354,2,20
2231,354,2,143
2232,354,2,272
2233,355,2,1089
2234,355,2,1090
2235,355,2,729
2236,355,2,993
2237,355,4,1091
2238,355,4,1092
2239,355,4,1093
2240,355,4,1094
2241,355,2,1095
2242,355,2,1096
2243,355,2,725
2244,355,2,726
2245,355,2,1097
2246,355,2,1098
2247,356,2,341
2248,357,3,51
2249,357,3,353
2250,357,3,342
2251,357,3,1060
2252,357,3,973
2253,357,3,123
2254,358,3,353
2255,359,3,1060
2256,83,88,1099
2257,83,89,1099
2258,38,88,1099
2259,360,2,20
2260,360,2,143
2261,360,2,272
2262,360,2,1100
2263,360,2,1101
2264,360,2,299
2265,360,2,85
2266,360,2,156
2267,360,2,157
2268,360,5,299
2269,360,5,85
2270,360,5,156
2271,360,3,291
2272,360,3,292
2273,360,3,293
2274,360,19,20
2275,361,2,1102
2276,361,2,345
2277,361,2,1103
2278,361,2,1104
2279,361,2,1105
2280,361,19,1102
2281,361,19,322
2282,361,19,346
2283,361,19,0
2284,361,19,445
2285,361,19,446
2286,361,19,447
2287,361,19,55
2288,361,19,654
2289,361,19,1105
2290,361,14,1106
2291,361,14,1107
2292,361,14,1108
2293,362,19,97
2294,362,19,99
2295,362,19,100
2296,362,19,102
2297,362,19,104
2298,362,19,1109
2299,362,19,1110
2300,38,76,196
2301,38,76,174
2302,38,76,88
2303,38,76,173
2304,38,76,657
2305,38,76,115
2306,38,76,1111
2307,38,76,1112
2308,38,76,1065
2309,38,76,1066
2310,38,2,88
2311,38,2,173
2312,38,2,1111
2313,38,2,1112
2314,38,2,1066
2315,38,4,1113
2316,38,4,1114
2317,38,4,1115
2318,38,4,1116
2319,38,4,1117
2320,38,4,1118
2321,38,4,1119
2322,38,4,1120
2323,38,4,1121
2324,38,4,1052
2325,38,4,1122
2326,38,4,1123
2327,38,4,1124
2328,38,4,1125
2329,38,4,1126
2330,38,4,1127
2331,38,76,1128
2332,38,76,1129
2333,363,4,1116
2334,364,4,1116
2335,365,4,1116
2336,366,4,1116
2337,367,4,1116
2338,42,19,1130
2339,42,19,185
2340,42,19,138
2341,42,28,707
2342,42,19,1131
2343,42,19,707
2344,368,19,13
2345,368,19,806
2346,368,19,1132
2347,368,19,1133
2348,368,6,292
2349,368,6,1134
2350,368,6,1135
2351,368,6,1136
2352,368,7,292
2353,368,7,1134
2354,368,7,1135
2355,368,7,1136
2356,368,8,292
2357,368,8,1134
2358,368,8,1135
2359,368,8,1136
2360,368,90,292
2361,368,90,1134
2362,368,90,1135
2363,368,90,1136
2364,85,91,1137
2365,85,60,6
2366,155,1,476
2367,155,60,6
2368,155,60,1138
2369,155,60,1139
2370,155,60,1140
2371,155,60,1141
2373,155,60,1143
2374,155,60,1144
2375,155,60,1145
2376,155,60,478
2377,155,92,1146
2378,155,93,1147
2379,155,94,1148
2380,155,95,1148
2381,369,28,518
2382,369,28,520
2383,369,28,522
2384,369,28,523
2385,369,28,1149
2386,369,28,1150
2387,369,28,1151
2388,369,28,1152
2389,370,28,1149
2390,371,28,1149
2391,102,2,308
2392,102,2,267
2393,102,2,266
2394,102,2,265
2395,102,2,264
2396,102,2,298
2397,102,2,273
2398,102,2,142
2399,102,2,20
2400,102,2,143
2401,102,2,272
2402,372,2,348
2403,372,2,161
2404,372,2,1153
2405,372,2,162
2406,372,2,1154
2407,372,2,382
2408,372,2,383
2409,372,2,1155
2410,372,19,1156
2411,372,19,1157
2412,372,19,1158
2413,372,19,1159
2414,372,19,1160
2415,372,19,1161
2416,372,19,1162
2417,372,19,1163
2418,372,19,1164
2419,129,19,27
2420,129,19,32
2421,129,19,33
2422,129,19,646
2423,129,19,1165
2424,129,19,1166
2425,129,19,1167
2426,129,19,1168
2427,129,19,1169
2428,129,19,1170
2429,129,19,490
2430,129,19,1171
2431,265,19,27
2432,265,19,40
2433,265,19,1170
2434,265,19,1168
2435,373,19,27
2436,373,19,40
2437,373,19,1170
2438,129,18,41
2439,129,26,41
2440,129,18,1172
2441,129,18,1173
2442,374,2,447
2443,374,2,1102
2444,374,3,655
2445,374,3,612
2446,374,3,1070
2447,374,3,254
2448,374,19,463
2449,374,19,1174
2450,374,19,772
2451,374,19,1175
2452,374,19,138
2453,374,19,345
2454,374,19,346
2455,375,3,972
2456,375,3,123
2457,378,3,972
2458,378,3,123
2459,379,3,972
2460,379,3,123
2461,383,3,972
2462,383,3,123
2463,376,3,342
2464,377,3,342
2465,380,3,342
2466,381,3,342
2467,380,3,1176
2468,381,3,1176
2469,380,2,980
2470,382,3,53
2471,380,3,53
2472,384,3,1176
2473,385,3,1176
2474,385,2,980
2475,385,3,1177
2476,385,3,1178
2477,385,3,53
2478,385,3,1179
2479,385,3,1180
2480,385,3,1181
2481,385,3,1182
2482,385,3,1183
2483,385,6,1184
2484,385,6,1180
2485,385,6,1179
2486,385,6,1177
2487,385,6,1178
2488,385,6,980
2489,385,6,1185
2490,385,6,1186
2491,385,6,1187
2492,385,6,1188
2493,385,6,1189
2494,386,6,1189
2495,387,76,196
2496,387,76,174
2497,387,76,88
2498,387,76,173
2499,387,76,657
2500,387,76,115
2501,387,76,1190
2502,387,76,1191
2503,387,76,1192
2504,387,76,1111
2505,387,76,1112
2506,387,76,1065
2507,387,76,1066
2508,387,4,1116
2509,387,4,1115
2510,387,4,1121
2511,387,4,1114
2512,387,4,1113
2513,388,4,1121
2514,389,4,1121
2515,390,4,1121
2516,391,4,1121
2517,392,4,1121
2518,393,4,1121
2519,394,4,1121
2520,395,4,1121
2521,396,4,1121
2522,394,4,1116
2523,394,4,1052
2524,394,4,1115
2525,394,4,1114
2526,394,4,1113
2527,394,4,1193
2528,394,4,1194
2529,36,4,1115
2530,397,4,1115
2531,398,4,1115
2532,352,3,0
2533,352,2,109
2534,352,2,83
2535,352,2,341
2536,351,3,0
2537,351,2,109
2538,351,2,83
2539,351,2,341
2540,340,2,265
2541,340,2,266
2542,340,2,267
2543,340,2,308
2544,340,3,0
2545,399,3,0
2546,400,2,193
2547,400,19,1195
2548,149,19,1196
2549,149,19,829
2550,149,19,830
2551,149,19,360
2552,149,19,361
2553,149,19,311
2554,149,19,951
2555,149,19,1197
2556,149,19,1198
2557,149,28,1198
2558,149,28,1199
2559,149,2,309
2560,149,2,649
2561,149,2,689
2562,149,2,830
2563,149,2,310
2564,149,2,358
2565,149,2,359
2566,149,2,360
2567,149,2,361
2568,149,2,311
2569,149,2,1200
2570,149,2,951
2571,149,2,1201
2572,149,3,1197
2573,149,5,951
2574,149,3,312
2575,401,19,1202
2576,401,19,1203
2577,401,19,1204
2578,401,19,1205
2579,401,19,1206
2580,401,19,1207
2581,401,19,1208
2582,401,19,1209
2583,401,19,1210
2584,401,19,1211
2585,401,19,1212
2586,401,19,1213
2587,401,19,1214
2588,401,19,1215
2589,401,19,1216
2590,401,19,1217
2591,401,19,1218
2592,401,19,1219
2593,401,2,1203
2594,401,2,1205
2595,401,2,1207
2596,401,2,1208
2597,401,2,1209
2598,401,2,1211
2599,401,2,1212
2600,401,2,1213
2601,401,2,1214
2602,401,2,1215
2603,401,2,1216
2604,401,2,1217
2605,402,19,1220
2606,402,19,1221
2607,402,19,1222
2608,402,19,1223
2609,402,19,1224
2610,403,19,26
2611,403,19,1225
2612,403,19,1226
2613,183,19,27
2614,183,19,596
2615,404,19,341
2616,405,19,341
2617,406,19,1227
2618,407,19,1228
2619,408,19,26
2620,409,19,26
2621,409,19,27
2622,409,19,212
2623,409,19,341
2624,409,19,596
2625,409,28,27
2626,410,28,27
2627,411,28,15
2628,411,28,26
2629,411,28,27
2630,411,28,32
2631,411,28,33
2632,411,28,40
2633,411,28,41
2634,411,28,1
2635,411,28,11
2636,411,28,14
2637,411,28,359
2638,411,28,1229
2639,411,28,1230
2640,411,28,1231
2641,411,28,1232
2642,411,28,1233
2643,412,2,23
2644,412,2,26
2645,412,2,1172
2646,412,2,1234
2647,412,2,1235
2648,412,2,1236
2649,413,2,1236
2650,414,2,1236
2651,415,2,1236
2652,416,2,1236
2653,417,2,1236
2654,418,2,1236
2655,419,2,1236
2656,420,2,1236
2657,421,2,1236
2658,422,3,1237
2659,424,2,174
2660,425,2,174
2661,424,2,193
2662,424,2,196
2663,423,2,109
2664,426,2,143
2665,426,2,137
2666,426,2,271
2667,426,2,304
2668,427,2,173
2669,427,2,193
2670,427,2,196
2671,427,2,174
2672,427,2,88
2673,427,2,657
2674,427,2,115
2675,427,2,1191
2676,427,2,175
2677,427,2,116
2678,428,2,1238
2679,428,19,1239
2680,429,2,206
2681,429,19,1240
2682,430,3,862
2683,430,3,863
2684,430,3,53
2685,430,3,864
2686,430,3,865
2687,430,3,866
2688,430,3,867
2689,430,3,51
2690,430,3,22
2691,430,3,628
2692,430,3,629
2693,430,3,630
2694,430,3,631
2695,430,5,298
2696,430,5,20
2697,430,5,143
2698,430,5,1241
2699,80,2,308
2700,80,2,267
2701,80,2,266
2702,80,2,265
2703,80,2,264
2704,80,2,142
2705,80,2,20
2706,80,2,272
2707,80,3,1242
2708,80,2,298
2709,80,3,22
2710,80,3,273
2711,80,3,1243
2712,80,3,1244
2713,80,6,1242
2714,80,6,1244
2715,80,2,23
2716,80,2,299
2717,80,5,20
2718,80,5,1038
2719,431,2,1245
2720,431,2,1246
2721,431,2,1247
2722,431,2,1248
2723,431,2,1249
2724,431,2,1250
2725,431,2,393
2726,431,2,1251
2727,431,2,1252
2728,431,2,1253
2729,431,14,1254
2730,431,14,1255
2731,431,14,1256
2732,431,14,1257
2733,431,14,1258
2734,431,14,1259
2735,431,14,1260
2736,431,14,1261
2737,431,14,1262
2738,431,14,1263
2739,432,3,944
2740,432,3,191
2741,432,3,1264
2742,432,3,1265
2743,435,5,225
2744,433,5,1266
2745,433,3,1267
2746,433,19,1268
2747,433,19,1269
2748,435,2,205
2749,435,2,206
2750,435,2,207
2751,435,2,891
2752,435,2,1270
2753,435,2,1271
2754,435,2,1272
2755,435,2,1273
2756,435,2,1274
2757,435,2,1275
2758,435,2,495
2759,435,2,496
2760,435,2,497
2761,435,2,632
2762,435,2,1276
2763,433,2,127
2764,433,2,1238
2765,433,2,69
2766,433,2,1277
2767,433,2,1278
2768,434,2,127
2769,434,2,1238
2770,434,2,69
2771,434,2,1277
2772,434,2,1278
2773,437,5,1279
2774,437,5,473
2775,437,5,1280
2776,437,5,1281
2777,437,5,1282
2778,437,5,1283
2779,437,5,1284
2780,437,5,1285
2781,437,5,1286
2782,437,5,1287
2783,436,5,1279
2784,436,5,473
2785,436,5,1280
2786,436,5,1281
2787,436,5,1282
2788,436,5,1283
2789,436,5,1284
2790,436,5,1285
2791,436,5,1286
2792,436,5,1287
2793,438,6,29
2794,438,6,28
2795,438,6,278
2796,439,6,29
2797,439,6,28
2798,439,6,278
2799,440,6,29
2800,440,6,28
2801,440,6,278
2802,440,6,279
2803,440,6,31
2804,440,6,1088
2805,440,6,280
2806,441,6,278
2807,442,6,278
2808,443,6,1288
2809,443,6,1289
2810,443,6,1290
2811,443,6,282
2812,440,6,1291
2813,440,6,1292
2814,440,6,1293
2815,440,6,1294
2816,440,6,1295
2817,440,6,1296
2818,440,6,1297
2819,440,6,1298
2820,440,6,1299
2821,440,6,1300
2822,444,6,278
2823,445,6,278
2824,446,6,278
2825,447,6,278
2826,448,6,278
2827,449,6,278
2828,450,6,278
2829,451,19,145
2830,452,2,193
2831,452,2,174
2832,452,2,116
2833,452,2,455
2834,452,2,508
2835,452,2,1301
2836,452,2,1302
2837,452,2,1303
2838,453,2,447
2839,453,2,322
2840,453,2,345
2841,453,2,346
2842,453,3,1867
2843,454,2,211
2844,454,2,205
2845,454,2,206
2846,454,2,207
2847,454,2,891
2848,455,2,1304
2849,455,3,1305
2850,455,4,1306
2851,455,4,1307
2852,455,96,1308
2853,455,97,1305
2854,455,96,1305
2855,455,97,1306
2856,455,97,1307
2857,455,97,1309
2858,455,97,1310
2859,455,97,1311
2860,456,28,15
2861,457,28,15
2862,100,28,15
2863,103,28,15
2864,100,28,25
2865,100,28,23
2866,100,28,26
2867,100,28,27
2868,100,28,32
2869,458,6,279
2870,459,78,1312
2871,459,3,1313
2872,459,78,594
2873,459,78,1314
2874,459,78,258
2875,460,78,1312
2876,460,3,1313
2877,460,78,1314
2878,459,28,462
2879,459,28,24
2880,459,28,25
2881,459,28,15
2882,459,28,109
2883,459,28,1102
2884,459,105,212
2885,459,106,212
2886,461,19,1315
2887,310,28,2
2888,310,28,40
2889,310,28,1
2890,310,28,89
2891,310,28,24
2892,310,28,462
2893,42,3,1316
2894,42,2,1317
2895,42,97,1316
2896,42,97,1318
2897,42,97,186
2898,42,97,943
2899,42,96,186
2900,42,96,943
2901,462,2,1319
2902,462,2,1320
2903,462,2,1321
2904,462,2,1322
2905,462,2,1323
2906,462,2,1324
2907,463,2,979
2908,463,2,518
2909,463,2,980
2910,463,2,1325
2911,463,2,1326
2912,463,2,1327
2913,463,2,1328
2914,463,2,1329
2915,464,19,1330
2916,464,19,1331
2917,464,19,1332
2918,464,19,1333
2919,464,19,1334
2920,464,19,1335
2921,464,19,1336
2922,464,19,1337
2923,464,19,1338
2924,464,19,1339
2925,464,19,1340
2926,464,19,1341
2927,464,19,1342
2928,465,5,1343
2929,465,5,172
2930,465,5,348
2931,465,5,159
2932,465,5,1344
2933,465,5,1345
2934,465,5,1346
2935,465,5,1347
2936,465,5,1348
2937,465,5,1349
2938,465,5,1350
2939,465,5,1351
2940,465,5,1352
2941,465,5,1353
2942,465,5,1354
2943,465,5,1355
2944,465,5,1356
2945,465,5,1357
2946,466,4,677
2947,467,2,116
2948,467,2,455
2949,467,2,508
2950,468,2,1358
2951,468,2,1359
2952,467,2,115
2953,469,2,23
2954,469,2,15
2955,469,2,26
2956,469,2,27
2957,469,2,32
2958,469,2,33
2959,470,4,29
2960,470,4,28
2961,470,4,278
2962,470,3,29
2963,470,3,28
2964,470,3,278
2965,469,3,935
2966,469,3,936
2967,469,3,937
2968,469,3,938
2969,469,3,1360
2970,469,3,962
2971,469,3,963
2972,471,2,358
2973,471,2,359
2974,471,2,360
2975,471,2,361
2977,471,2,1361
2978,471,2,1362
2979,471,2,1363
2980,471,2,1364
2981,471,2,1365
2982,472,2,445
2983,472,2,446
2984,472,2,447
2985,472,2,654
2986,472,2,1366
2987,472,2,1367
2988,472,2,1368
2989,472,2,1369
2990,473,3,1370
2991,474,3,1370
2992,473,3,1371
2993,474,3,1371
2994,475,3,1372
2995,475,3,1371
2996,475,3,1373
2997,188,19,25
2998,188,19,1229
2999,188,19,1374
3000,188,19,1375
3001,188,19,1376
3002,188,19,1377
3003,188,19,1378
3004,188,2,1379
3005,188,2,1380
3006,188,2,1381
3007,188,2,1382
3008,188,2,1383
3009,188,2,1378
3010,188,2,1384
3011,188,2,1385
3012,188,2,1386
3013,188,2,1387
3014,188,2,1388
3015,188,2,1389
3016,188,2,1390
3017,476,28,95
3018,476,28,1013
3019,476,28,1391
3020,476,28,0
3021,476,28,1073
3022,476,28,1392
3023,477,28,1073
3024,478,28,1073
3025,479,28,1073
3026,480,28,1073
3027,481,28,1073
3028,482,28,1073
3029,483,28,1073
3030,484,28,1073
3031,485,28,1073
3032,486,28,1073
3033,487,28,1073
3034,488,28,1073
3035,489,28,1073
3036,490,28,1073
3037,491,28,1073
3038,492,28,1073
3039,476,26,95
3040,476,26,1013
3041,476,26,1073
3042,476,26,1393
3043,476,26,1394
3044,493,52,1395
3045,493,52,500
3046,493,62,1395
3047,493,63,13
3048,493,63,11
3049,493,63,14
3050,493,64,705
3051,493,64,86
3052,493,64,476
3053,494,98,1396
3054,495,98,1397
3055,495,98,1396
3056,494,98,1398
3057,496,98,1397
3058,496,4,1399
3059,494,98,1400
3060,494,99,1401
3061,494,98,1402
3062,494,98,1403
3063,494,98,1404
3064,494,99,1404
3065,497,19,1391
3066,497,28,1391
3067,498,19,1405
3068,498,28,1405
3069,497,100,1391
3070,499,28,1391
3071,500,28,1391
3072,501,28,1391
3073,503,2,1304
3074,503,6,1406
3075,503,2,1407
3076,503,2,1408
3077,503,2,1406
3078,503,2,1409
3079,503,2,1410
3080,503,2,1411
3081,503,2,1412
3082,502,2,1304
3083,504,2,1413
3084,504,76,1414
3085,504,2,1414
3086,504,2,1415
3087,504,76,893
3088,504,4,1416
3089,504,76,1417
3090,504,76,1418
3091,504,4,1419
3092,504,4,1420
3093,504,76,1421
3094,504,101,1422
3095,505,102,1423
3096,506,102,1423
3097,507,102,1424
3098,508,102,1425
3099,507,103,1426
3100,509,103,1426
3101,510,4,1427
3102,511,4,1428
3103,511,4,1429
3104,513,104,1430
3105,512,4,1427
3106,514,97,1431
3107,515,2,1432
3108,515,2,1433
3109,515,6,1434
3110,516,6,1434
3111,517,2,1433
3112,517,6,1434
3113,104,107,33
3114,104,107,1435
3115,104,107,1436
3116,104,107,1437
3117,104,107,1438
3118,104,107,1439
3119,104,107,1440
3120,518,108,1441
3121,518,108,1442
3122,518,108,1443
3123,519,109,1441
3124,520,110,1441
3125,519,110,1441
3126,521,2,1444
3127,521,5,1444
3128,521,3,86
3129,521,19,11
3130,521,52,500
3131,521,2,1445
3132,521,2,805
3133,521,2,1446
3134,521,2,1447
3135,521,2,1448
3136,521,2,1100
3137,521,2,299
3138,521,2,85
3139,521,2,156
3140,521,2,1449
3141,521,2,1450
3142,521,2,1451
3143,521,2,1452
3144,522,2,1453
3145,522,2,116
3146,522,2,196
3147,522,19,657
3148,522,19,1191
3149,523,19,1191
3150,222,6,1454
3151,61,5,248
3152,61,3,1455
3153,61,3,765
3154,32,2,11
3155,32,2,14
3156,32,2,26
3157,32,2,32
3158,32,2,40
3159,33,2,1456
3160,33,2,1457
3161,33,2,1458
3162,33,2,1459
3163,33,2,1460
3164,33,2,1461
3165,33,2,1462
3166,33,2,1463
3167,33,2,1464
3168,33,2,1465
3169,33,4,1466
3170,33,7,1466
3171,33,4,1467
3172,33,4,1468
3173,524,2,173
3174,217,6,1469
3175,217,2,15
3176,217,76,15
3177,217,2,26
3178,217,76,26
3179,217,76,27
3180,217,2,32
3181,217,76,32
3182,217,2,33
3183,217,76,33
3184,217,2,40
3185,217,76,40
3186,217,2,41
3187,217,76,41
3188,217,76,11
3189,69,5,805
3190,525,2,55
3191,525,2,1470
3192,525,2,1471
3193,526,2,1471
3194,201,2,1472
3195,201,2,1473
3196,201,2,311
3197,201,3,1474
3198,201,3,260
3199,201,3,1475
3200,201,3,1476
3201,201,3,1477
3202,201,28,649
3203,201,28,830
3204,201,28,1478
3205,201,28,1200
3206,527,19,114
3207,527,19,189
3208,527,19,1479
3209,527,19,1480
3210,527,2,116
3211,527,2,455
3212,527,2,1481
3213,369,28,1482
3214,369,28,1483
3215,369,28,1484
3216,369,28,1485
3217,369,28,1486
3218,369,28,1487
3219,369,28,1488
3220,370,28,1485
3221,371,28,1485
3222,528,5,85
3223,528,5,156
3224,528,5,157
3225,528,5,1449
3226,528,2,156
3227,528,5,1489
3228,528,5,676
3229,528,5,677
3230,528,2,1489
3231,529,6,1490
3232,529,3,1490
3233,528,6,1490
3234,528,3,1490
3235,530,2,23
3236,530,2,165
3237,530,2,1491
3238,531,19,1492
3239,531,19,1493
3240,531,19,1494
3241,531,19,1495
3242,531,19,1281
3243,531,19,1282
3244,531,19,1201
3245,531,19,1496
3246,531,19,1199
3247,531,2,473
3248,531,2,1494
3249,531,19,273
3250,532,19,1497
3251,532,28,1497
3252,533,19,1497
3253,534,19,1497
3254,535,19,1497
3255,535,28,1497
3256,536,19,114
3257,61,2,298
3258,139,28,462
3259,537,2,32
3262,42,111,1498
3263,42,111,1499
3264,42,111,392
3265,42,111,1500
3266,42,111,1501
3267,80,111,900
3268,80,111,613
3269,538,113,1052
3270,539,112,1052
3271,540,28,1502
3272,540,28,1380
3273,540,28,1503
3274,540,28,1376
3275,540,28,1377
3276,540,28,1504
3277,540,28,1505
3278,540,28,1506
3279,540,28,1507
3280,540,28,1508
3281,540,28,1509
3282,540,28,1510
3283,541,3,1511
3284,541,3,1512
3285,542,3,1513
3286,542,3,1514
3287,542,3,1515
3288,542,3,1516
3289,543,3,1517
3290,543,3,1518
3291,544,3,1519
3292,544,3,1520
3293,544,3,1521
3294,544,3,1522
3295,545,26,1523
3296,545,26,1524
3297,545,26,1525
3298,546,28,23
3299,546,28,15
3300,546,28,26
3301,546,28,27
3302,546,28,32
3303,546,28,33
3304,546,28,40
3305,546,129,11
3306,546,2,13
3307,546,6,930
3308,547,28,15
3309,548,28,15
3310,549,114,165
3311,550,114,165
3312,551,5,1526
3313,552,28,1527
3314,552,28,1528
3315,552,28,1529
3316,552,28,1530
3317,552,28,1531
3318,552,28,1532
3319,552,28,1533
3320,552,28,1534
3321,552,28,1535
3322,552,28,1536
3323,266,116,1537
3324,266,115,1537
3325,266,117,1537
3326,553,19,804
3327,554,98,899
3328,554,98,1538
3329,554,98,1539
3330,554,118,899
3331,554,118,1538
3332,554,118,1539
3333,554,119,899
3334,554,119,1538
3335,554,119,1539
3336,556,98,1538
3337,557,98,1538
3338,555,98,899
3339,555,98,1540
3340,555,98,1542
3341,555,98,1544
3342,555,98,1545
3343,558,98,1538
3344,559,98,1538
3345,560,98,1538
3346,561,98,1538
3347,562,3,628
3348,562,3,629
3349,562,3,630
3351,562,3,1547
3352,562,3,1548
3353,562,4,1549
3354,562,4,1550
3355,562,4,1551
3356,562,3,1549
3357,563,3,1552
3358,563,3,944
3359,563,3,1553
3360,563,3,991
3361,563,3,990
3362,563,3,1554
3363,564,3,1554
3364,565,3,1554
3365,566,3,1554
3366,538,98,899
3367,538,98,1538
3368,538,98,1539
3369,538,98,1555
3370,538,98,1556
3371,538,98,1557
3372,538,98,1558
3373,538,98,1559
3374,538,98,1560
3375,538,98,1561
3376,538,98,1562
3377,538,98,1563
3378,538,98,1564
3379,538,98,1565
3380,538,98,1566
3381,538,98,1567
3382,538,98,1568
3383,538,98,1569
3384,538,98,1570
3385,538,98,1571
3386,538,98,1572
3387,538,98,1573
3388,538,98,1574
3389,538,98,1575
3390,538,98,1576
3391,538,98,1577
3392,538,98,1578
3393,538,98,1579
3394,538,98,1580
3395,567,98,1578
3396,233,98,1578
3397,568,98,1578
3398,569,98,1578
3399,570,98,1578
3400,571,98,1578
3401,572,98,1578
3402,573,98,1578
3403,574,3,1581
3404,574,3,1582
3405,574,3,1583
3406,575,6,1511
3407,575,3,1584
3408,575,3,1585
3409,575,4,1586
3410,576,6,1587
3411,265,28,23
3412,265,28,26
3413,265,28,27
3414,265,28,32
3415,265,28,40
3416,577,28,26
3417,577,28,32
3418,577,28,40
3419,578,120,685
3420,578,19,79
3421,579,28,685
3422,110,2,85
3423,580,2,156
3424,581,28,804
3425,581,28,114
3426,581,28,189
3427,582,19,473
3428,582,19,1280
3429,582,19,1281
3430,582,19,1282
3431,582,19,1201
3432,582,19,1496
3433,582,19,1199
3434,582,19,1588
3435,582,19,1589
3436,582,19,1590
3437,582,19,1591
3438,582,19,1592
3439,582,19,1593
3440,582,19,1594
3441,582,19,1595
3442,582,28,1589
3443,217,4,1596
3444,217,4,1597
3445,217,7,1597
3446,217,4,203
3447,217,4,1598
3448,217,4,1599
3449,217,4,1600
3450,583,2,308
3451,583,196,308
3452,583,2,267
3453,583,121,267
3454,583,196,267
3455,583,2,265
3456,583,196,265
3457,584,28,27
3458,585,13,290
3459,585,13,613
3460,585,13,68
3461,585,2,12
3462,585,19,462
3463,585,19,15
3464,585,122,15
3465,585,123,462
3466,586,124,14
3467,588,19,1601
3468,588,19,1602
3469,588,19,1603
3470,588,4,1604
3471,588,4,1605
3472,588,4,1606
3473,588,4,1607
3474,588,4,1608
3475,588,4,1609
3476,588,4,1610
3477,588,4,1611
3478,588,4,1612
3479,588,4,1613
3480,588,4,1614
3481,588,4,1615
3482,588,4,1616
3483,588,4,1617
3484,588,4,1618
3485,588,4,1619
3486,588,4,1620
3487,588,4,1621
3488,588,4,1622
3489,588,3,1613
3490,588,3,1614
3491,588,3,1615
3492,588,3,1616
3494,588,3,1618
3495,588,3,1619
3496,588,3,1620
3497,588,3,1621
3498,588,3,1622
3499,589,2,137
3500,590,125,1625
3501,591,125,1626
3502,592,125,1627
3503,593,6,1628
3504,593,6,1629
3505,593,6,1630
3506,593,6,1631
3507,593,6,1632
3508,593,6,1633
3509,593,6,1634
3510,593,6,1635
3511,593,126,1636
3512,593,103,1637
3513,593,103,1638
3514,593,103,1639
3515,593,103,1640
3516,594,28,24
3517,594,28,25
3518,594,28,23
3519,594,28,15
3520,594,28,26
3521,594,28,27
3522,594,28,32
3523,594,28,33
3524,594,28,40
3525,594,28,41
3526,594,37,26
3527,594,37,27
3528,594,37,32
3529,594,37,33
3530,594,37,40
3531,594,37,646
3532,594,28,9
3533,594,28,11
3534,594,28,1641
3535,594,28,1642
3536,594,28,1643
3537,594,28,1644
3538,594,28,1645
3539,594,28,1646
3540,594,28,1647
3541,595,3,1237
3542,51,4,1648
3543,51,4,1649
3544,51,4,1650
3545,51,4,1651
3546,51,4,1652
3547,51,4,1653
3548,51,4,1654
3549,51,4,1655
3551,51,4,1657
3552,51,4,1658
3553,51,4,1659
3554,51,4,1660
3555,51,4,1661
3556,51,4,1662
3557,51,4,1663
3558,51,3,1661
3559,51,3,1662
3560,51,3,1614
3561,51,3,1663
3562,51,3,1659
3563,51,3,1549
3564,51,3,1664
3565,345,3,1665
3566,109,3,1666
3567,109,3,1667
3568,109,3,1668
3569,109,3,1669
3570,109,3,1670
3571,109,3,1671
3572,109,3,1672
3573,109,3,1673
3574,109,3,1674
3575,109,3,1675
3576,157,19,1676
3577,157,19,1677
3578,157,19,1678
3579,157,19,1679
3580,42,19,1680
3581,42,19,1681
3582,42,19,1682
3583,42,19,1683
3584,42,19,1684
3585,597,3,1395
3586,597,3,989
3587,597,3,1685
3588,597,3,972
3589,597,3,123
3590,597,3,1370
3591,597,19,13
3592,597,19,11
3593,597,19,14
3594,597,19,12
3595,597,19,221
3596,598,2,116
3597,598,2,455
3598,598,2,1686
3599,598,2,1453
3600,598,2,173
3601,598,2,115
3602,598,2,1191
3603,139,28,1687
3604,139,28,1688
3605,139,28,1689
3606,139,28,1690
3607,139,28,1691
3608,139,28,1692
3609,139,28,1693
3610,599,28,1688
3611,600,28,1687
3612,601,3,1694
3613,601,3,1695
3614,601,3,1696
3615,601,3,1697
3616,601,3,1698
3617,601,3,1699
3618,601,3,1700
3619,601,3,1701
3620,601,4,1696
3621,601,4,1702
3622,601,4,1703
3623,601,4,1704
3624,601,3,1702
3625,601,4,1705
3626,601,4,1706
3627,602,7,24
3628,602,4,24
3629,602,6,24
3630,602,8,24
3631,602,8,1707
3632,602,8,66
3633,602,8,1708
3634,602,8,1709
3635,602,7,1710
3636,603,8,24
3637,604,8,24
3638,605,8,24
3639,606,8,24
3640,607,8,24
3641,608,8,24
3642,609,8,24
3643,610,8,24
3644,3,128,209
3645,611,19,1523
3646,611,19,213
3647,611,19,1711
3648,611,19,1712
3649,611,19,86
3650,611,19,476
3651,611,2,172
3652,611,2,159
3653,611,3,1713
3654,611,2,382
3655,611,3,1714
3656,612,2,24
3657,612,2,25
3658,612,2,23
3659,612,2,15
3660,612,2,26
3661,612,2,32
3662,612,2,40
3663,612,2,13
3664,612,2,1715
3665,612,2,1716
3666,613,4,1116
3667,613,4,1115
3668,614,4,1120
3669,614,4,1119
3670,614,4,1717
3671,614,4,1718
3672,614,4,1719
3673,614,4,1720
3674,614,4,1721
3675,614,4,1722
3676,614,4,1118
3677,614,4,1117
3678,614,4,1723
3679,614,4,1724
3680,615,4,1117
3681,616,4,1117
3682,617,4,1117
3683,618,4,1117
3684,619,4,1117
3685,620,4,1117
3686,621,4,1117
3687,622,4,1117
3688,615,4,1120
3689,615,4,1119
3690,615,4,1725
3691,615,4,1717
3692,615,4,1726
3693,615,4,1118
3694,615,4,1727
3695,615,4,1728
3696,615,4,1729
3697,615,4,1730
3698,615,4,1731
3699,623,3,941
3700,623,3,186
3701,623,3,944
3702,623,3,191
3703,623,3,990
3704,623,3,942
3705,623,3,1732
3706,623,3,194
3707,623,3,1733
3708,623,3,1734
3709,623,3,1735
3710,623,3,1736
3711,623,3,1737
3712,623,3,1738
3713,623,3,1739
3714,623,3,1740
3715,623,3,1741
3716,623,3,1742
3717,623,3,1743
3718,623,3,1744
3719,623,3,1745
3720,623,3,1746
3721,623,3,1747
3722,624,28,446
3723,624,28,447
3724,624,28,55
3725,624,28,654
3726,624,28,1748
3727,624,28,1470
3728,624,28,49
3729,624,28,50
3730,625,2,32
3731,625,76,32
3732,625,2,23
3733,626,2,11
3734,626,2,14
3735,626,2,26
3736,626,52,500
3737,626,52,989
3738,626,52,1749
3739,626,19,14
3740,626,19,11
3741,626,19,27
3742,627,6,15
3743,46,3,1664
3744,46,3,202
3745,46,3,1751
3746,46,4,1751
3747,46,3,1752
3748,628,4,22
3749,628,4,628
3750,628,4,630
3751,628,4,1546
3752,628,4,1547
3753,628,4,1753
3754,628,4,1754
3755,628,4,1755
3756,628,4,1756
3757,628,4,629
3758,628,4,631
3759,628,4,1757
3760,628,4,1758
3761,628,4,626
3762,628,4,1759
3763,628,4,1760
3764,628,4,1549
3765,628,4,1761
3766,628,4,1664
3767,628,4,1762
3768,628,4,1763
3769,628,4,1764
3770,628,4,1765
3771,628,4,1766
3772,628,4,1767
3773,628,4,1768
3774,628,4,1550
3775,628,4,1769
3776,628,4,776
3777,628,4,1770
3778,61,56,1771
3779,61,56,1772
3780,61,56,1773
3781,61,56,1774
3782,61,56,1443
3783,61,56,1442
3784,61,56,1441
3785,61,56,1775
3786,61,56,1776
3787,61,56,1777
3788,61,56,1778
3789,61,56,1779
3790,61,56,1780
3791,61,56,1781
3792,61,56,1782
3793,61,56,1783
3794,61,56,298
3795,61,56,1784
3796,61,56,1785
3797,61,56,1786
3798,61,56,1787
3799,61,56,1788
3800,61,56,1789
3801,61,56,1790
3802,61,56,1791
3803,61,56,1792
3804,629,2,24
3805,629,2,25
3806,629,2,23
3807,629,2,15
3808,629,2,26
3809,629,2,27
3810,629,2,32
3811,629,6,25
3812,629,6,23
3813,629,6,15
3814,629,6,1750
3815,629,6,1793
3816,629,7,1750
3817,629,7,1793
3818,630,3,1794
3819,630,3,898
3820,630,3,1795
3821,630,3,1796
3822,630,3,1797
3823,630,3,1798
3824,630,3,1799
3825,630,3,1800
3826,630,4,898
3827,630,7,898
3828,631,4,1801
3829,632,52,500
3830,632,52,989
3831,632,2,209
3832,632,2,122
3833,632,28,11
3834,632,28,14
3835,633,3,353
3836,634,3,342
3837,633,3,973
3838,634,3,973
3839,635,3,1802
3840,635,3,1803
3841,635,3,1804
3842,636,3,22
3843,636,3,1806
3844,636,3,1807
3845,636,3,1808
3846,636,3,1809
3847,636,3,1810
3848,636,3,1811
3849,636,3,1812
3850,636,3,1813
3851,636,3,1814
3852,636,3,1815
3853,636,3,1816
3854,636,3,1817
3855,636,3,1818
3856,636,3,1819
3857,636,3,971
3858,636,6,1807
3859,636,6,1808
3860,636,28,20
3861,636,28,143
3862,636,28,272
3863,636,28,137
3864,636,28,271
3865,636,28,289
3866,636,28,1820
3867,636,3,1821
3868,637,3,1812
3869,638,3,1806
3870,638,3,1822
3871,638,3,1819
3872,638,3,1812
3873,639,3,1040
3874,640,3,1040
3875,639,6,1823
3876,640,6,1823
3877,639,3,1824
3878,640,3,1824
3879,459,3,1825
3880,459,3,307
3881,459,3,1826
3882,459,3,306
3883,459,3,1827
3884,459,3,302
3885,459,3,1702
3887,459,3,1704
3888,459,4,1828
3889,459,4,1550
3890,459,4,1829
3891,459,4,1830
3892,459,4,1831
3893,641,2,1686
3894,642,2,1832
3895,641,2,116
3896,642,2,116
3897,643,2,172
3898,643,19,1156
3899,102,6,15
3901,644,3,305
3902,644,3,1833
3903,644,19,1834
3904,644,3,1835
3905,645,3,1833
3906,645,3,1835
3907,645,3,365
3908,644,3,365
3909,644,3,1836
3910,644,3,1548
3911,644,3,1822
3912,644,5,298
3913,644,3,1837
3914,644,3,22
3915,644,3,302
3916,644,3,1548
3917,646,2,299
3918,646,2,85
3919,646,2,156
3920,646,2,157
3921,646,2,1449
3922,646,2,158
3923,646,19,15
3924,646,28,15
3925,646,28,26
3926,646,28,27
3927,646,28,32
3928,646,28,33
3929,646,129,33
3930,646,17,18
3931,646,129,18
3932,646,28,1838
3933,646,28,1839
3934,646,28,1840
3935,647,2,334
3936,647,2,1841
3937,647,28,174
3938,647,28,173
3939,648,19,193
3940,648,19,174
3941,648,19,175
3942,648,19,1842
3943,648,19,116
3944,648,19,114
3945,648,19,508
3946,648,19,1302
3947,648,19,115
3948,649,2,265
3949,650,130,1843
3950,651,28,1392
3951,652,28,1392
3952,653,28,1392
3953,651,131,1392
3954,654,28,1392
3955,655,28,1392
3956,656,19,1073
3957,656,19,1392
3958,656,19,1393
3959,656,19,1844
3960,656,19,1394
3961,656,19,369
3962,656,28,1073
3963,656,28,1392
3964,656,28,1393
3965,656,2,1845
3966,651,19,1392
3967,651,28,1392
3968,657,19,1392
3969,657,28,1392
3970,651,3,1846
3971,651,3,1847
3972,651,3,1848
3973,651,97,1849
3974,651,97,1850
3976,42,19,1852
3977,42,132,942
3978,42,2,392
3979,42,2,1500
3980,42,19,1853
3981,42,132,1854
3982,453,4,202
3983,453,4,1855
3984,453,4,1615
3985,453,4,1856
3986,453,4,1616
3987,453,4,1857
3988,453,4,1858
3989,453,4,1859
3990,453,4,1860
3991,453,4,1861
3992,453,4,1862
3993,453,4,1614
3994,453,4,1863
3995,453,4,1864
3996,453,4,1865
3997,453,4,1866
3998,453,112,1866
3999,453,8,1866
4000,453,7,1866
4001,453,133,1866
4002,103,2,298
4003,658,2,13
4004,658,2,11
4005,658,2,14
4006,658,2,12
4007,659,5,205
4008,659,5,206
4009,659,5,207
4010,659,5,891
4011,659,2,205
4012,659,2,206
4013,659,2,207
4014,659,2,891
4015,659,28,1163
4016,659,28,1868
4017,659,28,1162
4018,659,28,1869
4019,660,5,1870
4020,660,5,1871
4021,660,5,1872
4022,660,5,1873
4023,660,5,1874
4024,660,5,1875
4025,660,2,1872
4026,660,2,1873
4027,660,2,1874
4028,660,2,1875
4029,660,5,1876
4030,660,2,1877
4031,660,2,1878
4032,660,2,1879
4033,661,2,445
4034,661,2,447
4035,661,2,654
4036,661,2,1470
4037,662,19,1195
4038,662,19,196
4039,662,19,88
4040,663,5,1880
4041,663,5,1881
4042,663,5,1882
4043,663,5,1883
4044,663,5,1884
4045,663,5,1885
4046,663,5,1886
4047,663,5,1887
4048,663,2,1882
4049,663,2,1888
4050,663,2,1889
4051,663,2,1890
4052,663,2,1891
4053,663,2,1892
4054,663,3,1893
4056,664,6,1895
4057,664,6,1896
4058,664,6,1897
4059,665,6,1898
4060,665,6,1899
4061,665,6,1900
4062,665,6,1901
4063,665,6,1902
4064,665,6,1903
4065,665,6,1904
4066,665,6,1905
4067,665,6,1906
4068,665,6,1907
4069,665,6,1908
4070,785,3,22
4071,785,3,1909
4072,785,3,1910
4073,785,3,313
4074,785,3,1072
4075,785,3,1911
4076,785,3,1912
4077,785,3,1913
4078,785,3,1914
4079,785,3,1915
4080,785,3,1916
4081,785,3,1917
4082,785,3,1918
4083,785,3,1919
4084,785,3,1920
4085,785,3,1921
4086,785,3,1922
4087,785,3,1923
4088,785,3,1924
4089,785,3,1925
4090,785,3,1926
4091,785,3,1927
4092,785,3,1928
4093,785,3,1929
4094,785,3,1930
4095,666,3,1931
4096,667,3,1932
4097,667,6,1932
4098,667,6,1933
4099,667,6,1934
4100,667,7,1935
4101,668,4,1664
4102,352,4,1664
4103,56,4,1664
4104,667,7,1936
4105,667,4,1936
4106,670,19,143
4107,670,19,304
4108,670,19,269
4109,340,4,0
4110,671,3,0
4111,671,4,0
4112,340,97,1548
4113,340,112,0
4114,672,104,0
4115,673,19,1937
4116,673,122,1937
4117,673,19,1938
4118,673,122,1938
4119,673,19,1939
4120,673,122,1939
4121,673,134,1940
4122,673,134,1941
4123,673,134,1942
4124,673,135,1943
4125,673,135,1944
4126,673,135,1945
4127,673,51,1946
4128,673,51,131
4129,673,51,1947
4130,674,19,23
4131,674,19,27
4132,674,19,1948
4133,674,19,1
4134,674,19,9
4135,674,19,443
4136,674,19,72
4137,674,19,73
4138,674,28,23
4139,675,28,23
4141,677,28,23
4142,678,28,23
4143,674,43,15
4144,674,43,32
4145,674,43,80
4146,674,43,11
4147,674,43,14
4148,674,43,1949
4149,674,43,183
4150,674,43,1950
4151,674,2,32
4152,674,2,80
4153,674,2,11
4154,674,2,14
4155,674,2,1949
4156,674,2,183
4157,674,2,1950
4158,681,19,174
4159,681,19,88
4160,681,19,173
4161,681,19,657
4162,681,19,1190
4163,681,19,1192
4164,681,19,175
4165,681,28,175
4166,681,19,1956
4167,681,19,1957
4168,681,19,1958
4169,681,19,1539
4170,681,19,1111
4171,681,28,1957
4172,682,2,1959
4173,682,2,1960
4174,682,2,1961
4175,682,3,896
4176,682,3,705
4177,682,3,168
4178,682,3,86
4179,683,3,1962
4180,683,3,1963
4181,683,3,1137
4182,683,3,1082
4183,683,3,1074
4184,683,3,1081
4185,683,4,1964
4186,683,4,1962
4187,683,4,1963
4188,683,4,1137
4189,683,4,1696
4190,683,4,1697
4191,683,4,1698
4192,683,4,1700
4193,683,4,1965
4194,684,4,1966
4195,684,4,704
4196,684,4,1967
4197,684,4,1114
4198,685,3,1237
4199,685,3,611
4200,685,3,612
4201,685,19,654
4202,685,19,445
4203,685,19,1175
4204,686,3,1969
4205,686,3,186
4206,686,3,990
4207,686,3,944
4208,686,19,173
4209,686,19,193
4210,686,19,804
4211,687,2,1970
4212,687,2,1971
4213,687,2,1972
4214,687,2,1973
4216,688,2,23
4217,688,2,26
4218,688,2,11
4219,688,2,14
4220,111,107,379
4221,111,107,1974
4222,111,107,1975
4223,689,5,1976
4224,42,5,1977
4225,42,5,1978
4226,42,5,1979
4227,42,5,1980
4228,690,3,1830
4229,98,3,639
4230,359,3,1981
4231,359,4,1981
4232,359,28,341
4233,691,28,49
4234,691,28,322
4235,691,28,345
4236,691,26,1471
4237,691,26,1982
4238,691,28,1983
4239,691,28,1984
4240,692,28,142
4241,692,28,20
4242,692,28,143
4243,692,28,272
4244,692,28,137
4245,692,28,271
4246,692,28,289
4247,692,28,1985
4248,692,28,308
4249,692,28,1986
4250,692,28,268
4251,692,28,26
4252,692,28,15
4253,692,28,27
4254,692,28,1987
4255,692,28,1988
4256,692,28,1989
4257,148,19,1903
4258,148,19,1990
4259,148,19,1991
4260,148,19,1992
4261,148,19,1993
4262,148,19,1994
4263,148,19,1995
4264,148,19,1996
4265,148,19,1997
4266,148,19,1998
4267,148,19,1999
4268,693,19,2000
4269,693,19,2001
4270,693,5,2002
4271,294,19,2003
4272,670,19,2004
4273,80,97,343
4274,80,101,343
4275,80,3,343
4276,80,97,2005
4277,80,101,2005
4278,148,19,11
4279,148,19,2006
4280,148,19,2007
4281,148,19,41
4282,259,28,1525
4283,259,28,793
4284,259,28,2008
4285,140,141,208
4286,140,141,209
4287,140,141,122
4288,140,141,84
4289,140,141,18
4290,140,141,19
4291,140,141,2009
4292,56,141,298
4293,42,142,940
4294,42,143,940
4295,42,144,452
4296,42,145,452
4297,42,47,1735
4298,42,47,1738
4299,42,47,93
4300,42,38,1735
4301,42,38,1738
4302,42,38,93
4303,42,146,2010
4304,42,146,2011
4305,42,147,1288
4306,42,147,1289
4307,42,147,1290
4308,42,147,1554
4309,42,147,2012
4310,148,19,2013
4311,148,19,813
4312,148,19,1230
4314,148,19,2014
4315,148,19,2015
4316,148,19,2016
4317,148,19,2017
4318,148,19,2018
4319,148,19,2019
4320,694,6,1289
4321,694,6,1290
4322,694,6,282
4323,694,6,2020
4324,694,6,2021
4325,694,6,2025
4326,694,6,1794
4327,694,6,2022
4328,694,6,2023
4329,694,6,2024
4330,695,6,1290
4331,696,6,1290
4332,697,6,1290
4333,698,6,1290
4334,699,6,1290
4335,700,6,1290
4336,701,6,1290
4337,702,6,1290
4338,703,6,1290
4339,704,6,1290
4340,705,6,1290
4341,705,6,1290
4342,707,6,1290
4343,708,6,1290
4344,709,6,1290
4345,710,6,1290
4346,711,6,1290
4347,712,6,1290
4348,713,6,1290
4349,714,6,1290
4350,709,6,2025
4351,710,6,2025
4352,711,6,2025
4353,712,6,2025
4354,715,6,1088
4355,708,6,2025
4356,716,2,175
4357,716,2,116
4358,716,2,455
4359,716,2,1686
4360,716,2,1453
4361,716,2,456
4362,717,2,1686
4363,717,2,1453
4364,718,2,298
4365,718,2,2026
4366,718,2,389
4367,718,2,1075
4368,719,19,462
4369,719,19,25
4370,719,19,15
4371,719,19,27
4372,719,19,33
4373,719,19,41
4374,719,2,2027
4375,719,2,299
4376,719,2,85
4377,719,2,157
4379,719,2,2028
4380,719,4,2029
4381,719,4,1696
4382,719,4,1697
4383,719,4,1699
4384,719,4,1701
4385,719,4,2030
4386,719,6,1697
4387,719,7,1697
4388,719,8,1697
4389,719,90,1697
4390,668,19,27
4391,668,28,9
4392,668,3,2031
4393,668,28,2032
4394,668,28,2033
4395,668,28,2034
4396,668,28,2035
4397,668,6,2036
4398,668,6,2037
4399,668,6,2038
4400,668,6,2039
4401,668,3,1546
4402,668,3,509
4403,668,2,2040
4404,668,2,2041
4405,668,2,2042
4406,668,2,2043
4407,668,2,2044
4408,668,2,2045
4409,668,2,2046
4410,668,2,2047
4411,720,2,2048
4412,721,2,205
4413,721,2,206
4414,721,2,207
4415,721,2,891
4416,722,2,205
4417,722,2,206
4418,722,2,207
4419,722,2,891
4420,721,129,205
4421,721,129,206
4422,721,129,207
4423,721,129,891
4424,722,129,205
4425,722,129,206
4426,722,129,207
4427,722,129,891
4428,721,2,2049
4429,721,2,2050
4430,721,2,2051
4431,721,2,2052
4432,721,2,2053
4433,721,28,2054
4434,721,28,2055
4435,721,28,2056
4436,721,28,2057
4437,721,28,2058
4438,722,28,2054
4439,722,28,2057
4440,722,28,2059
4441,722,28,2060
4442,56,2,2061
4443,56,2,2062
4444,56,2,2063
4445,56,2,2064
4446,56,2,2065
4447,56,2,2066
4448,56,2,2067
4449,56,2,2068
4450,56,2,2069
4451,723,5,2070
4452,723,5,2071
4453,723,5,334
4454,723,5,2072
4455,723,5,1032
4456,723,19,88
4457,723,19,657
4458,723,19,2073
4460,723,19,2074
4461,723,2,459
4462,724,3,2075
4463,724,3,2076
4464,724,3,2077
4465,724,3,2078
4466,725,3,2075
4467,726,3,2075
4468,727,3,2075
4469,728,3,2075
4470,729,3,2075
4471,660,129,1870
4472,660,129,1871
4473,660,129,1872
4474,660,129,1873
4475,660,129,1874
4476,660,129,1875
4477,332,2,15
4478,332,2,14
4479,332,3,2079
4480,730,3,673
4481,730,3,973
4482,730,3,123
4483,730,3,974
4484,730,3,28
4485,730,3,279
4486,332,28,462
4487,332,28,24
4488,332,28,23
4489,332,28,26
4490,332,28,32
4491,730,148,2080
4492,332,106,88
4493,730,105,88
4494,332,28,193
4495,332,28,196
4496,332,28,173
4497,42,3,2081
4498,42,3,2082
4499,42,3,2083
4500,42,3,2084
4501,42,3,2085
4502,42,3,2086
4503,42,3,2087
4504,42,3,2088
4505,42,6,2088
4506,42,6,2086
4507,731,28,26
4508,731,28,27
4509,731,28,32
4510,731,28,33
4511,731,28,40
4512,731,28,41
4513,731,28,89
4514,731,28,1
4515,731,28,9
4516,731,28,2
4517,731,28,7
4518,731,28,2089
4519,731,28,2090
4520,731,28,2091
4521,731,28,2092
4522,731,28,2093
4523,883,19,9
4524,883,19,2094
4525,883,19,78
4526,883,19,40
4527,883,6,2095
4528,883,6,2096
4529,883,6,2097
4530,883,6,2098
4531,883,6,2099
4532,883,6,2100
4533,732,7,1313
4534,732,7,2101
4535,732,7,91
4536,732,7,258
4537,732,7,2102
4538,732,4,1313
4539,732,4,2101
4540,732,4,91
4541,732,4,258
4542,732,112,2102
4543,732,7,2102
4544,732,4,1313
4545,732,112,2102
4546,733,3,990
4549,733,3,950
4550,733,3,452
4551,733,3,453
4552,733,4,949
4553,733,4,950
4554,733,4,452
4555,733,4,453
4556,734,19,2103
4557,735,19,2103
4558,734,19,543
4559,735,19,543
4560,734,19,2104
4561,735,19,2104
4562,734,19,2105
4563,735,19,2105
4564,734,19,2106
4565,735,19,2106
4566,734,19,2107
4567,42,197,114
4568,736,19,273
4569,736,19,142
4570,736,19,20
4571,736,19,143
4572,736,19,272
4573,736,19,137
4574,736,19,271
4575,736,19,289
4576,736,19,304
4577,736,19,647
4578,736,19,270
4579,736,19,869
4580,736,19,268
4581,736,19,10
4582,736,19,870
4583,736,19,308
4584,736,19,267
4585,736,19,266
4586,736,19,265
4587,736,19,264
4588,737,28,267
4589,737,28,273
4590,738,2,2108
4591,738,2,2109
4592,738,2,2110
4593,738,2,2111
4594,739,2,265
4595,739,19,264
4596,739,149,1830
4598,738,149,2113
4599,42,2,2114
4600,740,2,2115
4601,740,2,2116
4602,740,2,2117
4603,740,2,2118
4604,740,2,111
4605,740,2,112
4606,740,2,113
4607,740,2,2119
4608,740,2,2120
4609,740,2,2121
4610,740,28,25
4611,740,28,23
4612,740,28,15
4613,740,28,26
4614,740,28,89
4615,740,28,1
4616,740,28,9
4617,740,28,2
4618,741,90,2122
4619,741,5,2123
4620,741,5,2124
4621,741,5,2125
4622,741,5,2126
4623,741,8,315
4624,643,19,25
4625,643,5,1101
4626,643,2,52
4627,742,2,25
4628,742,2,13
4629,742,2,11
4630,742,2,14
4631,742,2,12
4632,742,2,221
4633,742,2,112
4634,742,2,2127
4635,742,2,2128
4636,742,5,362
4637,742,19,9
4638,743,2,24
4639,743,2,25
4640,743,3,628
4641,743,3,344
4642,743,3,343
4643,743,3,51
4644,743,3,353
4645,743,3,342
4646,743,2,11
4647,743,3,973
4648,743,3,2129
4649,743,2,27
4650,345,3,2130
4652,345,3,2132
4653,345,2,2133
4655,345,3,2134
4656,744,3,123
4657,744,3,974
4658,744,2,68
4659,744,3,1060
4660,745,3,0
4661,746,3,0
4662,745,2,2135
4663,747,2,2135
4664,746,2,2135
4665,746,6,2136
4666,746,6,2029
4667,746,28,23
4668,746,2,25
4669,746,2,221
4670,749,2,24
4671,750,2,24
4672,751,2,2137
4673,751,2,2138
4674,745,2,24
4675,61,19,298
4676,61,19,273
4677,61,19,142
4678,61,19,20
4679,61,19,143
4680,61,19,272
4681,61,19,137
4682,61,19,271
4683,61,19,289
4684,752,28,979
4685,752,28,980
4686,752,28,981
4687,752,28,2139
4688,753,28,26
4689,753,28,27
4690,753,28,32
4691,753,28,33
4692,753,28,40
4693,753,28,41
4694,884,6,28
4695,754,2,159
4696,754,2,2140
4697,754,2,2141
4698,331,2,11
4699,331,2,26
4700,331,3,342
4701,331,2,25
4702,331,2,116
4703,331,2,508
4704,331,2,88
4705,331,2,115
4706,331,28,657
4707,331,28,116
4708,755,2,11
4710,755,2,12
4711,756,19,2142
4712,756,19,2143
4713,756,19,2144
4714,756,19,2145
4715,756,19,2146
4716,756,19,2147
4717,756,19,2148
4718,757,19,2146
4719,758,19,2146
4720,759,2,97
4721,759,3,1008
4722,759,3,2149
4723,759,2,99
4724,759,3,166
4725,759,3,2150
4726,759,2,1073
4727,759,3,1513
4728,759,3,1846
4729,759,3,2151
4730,759,3,2152
4731,759,2,2153
4732,759,3,2154
4733,759,2,2155
4734,759,3,2156
4735,760,3,897
4736,760,3,863
4737,760,3,705
4738,760,3,86
4739,759,3,2157
4740,760,2,13
4741,760,3,972
4742,760,2,11
4743,760,3,973
4744,760,3,343
4745,760,3,342
4746,759,17,97
4747,759,17,99
4748,759,26,97
4750,759,26,1073
4751,759,26,1844
4752,759,2,2158
4753,759,3,2159
4754,759,2,2160
4755,759,3,2161
4756,760,17,13
4757,760,17,11
4758,760,26,13
4759,760,26,11
4760,760,2,25
4761,760,2,26
4762,760,26,25
4763,760,26,26
4764,760,26,33
4765,759,26,2158
4766,759,26,2160
4767,759,26,2153
4768,759,26,2155
4769,760,17,25
4770,760,17,26
4771,760,17,33
4772,760,3,865
4773,759,3,2162
4774,759,2,100
4775,759,3,766
4776,759,17,100
4777,759,3,1372
4778,759,26,100
4779,759,3,2163
4780,759,3,2164
4781,759,3,2165
4782,760,2,14
4783,760,3,476
4784,760,17,14
4785,760,3,123
4786,760,26,14
4787,760,2,221
4788,760,3,2166
4789,760,17,221
4790,760,3,1370
4791,760,26,221
4792,759,26,2167
4793,759,3,2168
4794,759,17,2153
4795,759,17,2155
4796,759,3,2169
4797,759,3,2170
4798,760,2,33
4799,760,3,2079
4800,759,17,1073
4801,759,17,1844
4802,759,2,2167
4803,759,2,102
4804,759,3,106
4805,759,17,102
4806,759,3,2171
4807,759,26,102
4808,759,2,104
4809,759,3,107
4810,759,17,104
4811,759,3,1371
4812,759,26,104
4813,759,3,2172
4814,759,26,2173
4815,759,3,2174
4816,759,26,2175
4817,760,2,12
4818,760,3,931
4819,760,17,12
4820,760,3,974
4821,760,26,12
4822,761,4,2176
4823,761,3,2176
4824,761,4,2177
4825,761,3,2177
4826,761,4,2178
4827,761,4,2179
4828,761,4,353
4829,761,4,2180
4830,761,4,2181
4831,761,4,2182
4832,761,4,2183
4833,762,2,205
4834,762,2,206
4835,762,2,207
4836,763,4,2184
4837,511,143,2185
4838,80,6,2186
4839,80,6,2187
4840,80,6,2188
4841,80,6,2189
4842,764,19,446
4843,764,19,55
4844,764,19,1748
4845,764,19,2190
4846,764,19,1175
4847,764,19,2191
4848,764,19,2192
4849,764,17,1085
4850,764,17,2193
4851,764,17,2194
4852,764,17,2195
4853,764,19,238
4855,42,150,2197
4856,42,150,2198
4857,42,150,2199
4858,42,150,2200
4859,42,150,2201
4860,42,150,2202
4861,42,150,2203
4862,42,150,2204
4863,42,3,2205
4864,42,3,2206
4865,42,3,2207
4866,42,3,2208
4867,42,3,2209
4868,42,3,2210
4869,42,3,2211
4870,42,3,2212
4871,42,3,2213
4872,42,3,2214
4873,42,3,2215
4874,42,3,2216
4875,42,3,2217
4876,42,3,2218
4877,42,3,2219
4878,42,3,2220
4879,42,19,2221
4880,42,19,2222
4881,42,19,2223
4882,624,2,2224
4883,624,2,1432
4884,624,2,2225
4885,624,2,2226
4886,624,2,2227
4887,624,2,2228
4888,624,6,2229
4889,624,6,2230
4890,624,6,2231
4891,624,6,2232
4892,624,6,2233
4893,624,6,2234
4894,765,19,2224
4895,765,19,1432
4896,765,19,2226
4897,765,19,2235
4898,765,19,2236
4899,765,19,2227
4900,765,19,2228
4901,765,19,2237
4902,765,19,2238
4903,765,19,2239
4904,48,61,1075
4905,766,2,2240
4906,766,2,1432
4907,766,2,2225
4908,766,2,2241
4909,766,2,2226
4910,766,2,2228
4911,766,2,2242
4912,766,3,2243
4913,766,3,1434
4914,766,3,2244
4915,766,6,2230
4916,766,6,2243
4917,766,6,2245
4918,766,6,1434
4919,766,6,2246
4920,766,6,2247
4921,766,6,2248
4922,766,6,2249
4923,766,6,2250
4924,766,6,2251
4925,766,6,2252
4926,766,6,2253
4927,766,6,2254
4928,766,6,2255
4929,766,6,2256
4930,766,6,2257
4931,766,3,2257
4932,766,6,2258
4933,766,6,2259
4934,766,6,2260
4935,766,6,2261
4936,766,6,2262
4937,766,6,2263
4938,767,3,2264
4939,767,3,2265
4940,767,3,2266
4941,767,3,2267
4942,767,2,2268
4943,767,2,2269
4944,767,2,2270
4945,767,2,2271
4946,767,2,2272
4947,767,2,2273
4948,767,3,1237
4949,767,3,611
4950,767,2,2274
4951,767,2,2275
4952,767,2,244
4953,767,2,2276
4954,767,2,322
4955,767,2,345
4956,767,2,519
4957,767,2,1150
4958,767,2,521
4959,767,2,524
4960,767,2,525
4961,768,2,1432
4962,768,2,2227
4963,768,2,2228
4964,768,2,2238
4965,768,2,2242
4966,768,2,2277
4967,768,2,2278
4968,768,2,2279
4969,768,2,2280
4970,769,4,1549
4971,770,3,973
4972,42,151,1841
4973,42,152,1841
4974,42,153,1841
4975,42,154,1841
4976,42,155,1841
4977,42,156,1841
4978,42,157,1841
4979,42,158,1841
4980,42,159,1841
4981,42,160,1841
4982,42,161,1841
4983,42,162,1841
4984,42,163,1841
4985,42,164,1841
4986,42,165,1841
4987,42,166,1841
4988,42,167,1841
4989,42,168,1841
4990,42,169,1841
4991,42,170,1841
4992,42,171,1841
4993,771,19,40
4994,771,19,2281
4995,771,19,2282
4996,771,19,2283
4997,771,19,2284
4998,771,19,2285
4999,771,19,2286
5000,771,19,2287
5001,771,19,2288
5002,771,19,2289
5003,771,19,2290
5004,771,19,2291
5005,771,19,2292
5006,771,19,2293
5007,771,19,2294
5008,771,19,2295
5009,771,19,2296
5010,771,19,2297
5011,771,19,2298
5012,771,19,2299
5013,771,19,2300
5014,771,19,2301
5015,772,19,271
5016,772,19,304
5017,773,43,193
5018,773,43,175
5019,773,43,455
5020,774,28,15
5021,775,28,15
5022,776,28,15
5023,777,26,25
5024,777,172,25
5025,777,172,89
5026,777,172,2302
5027,777,173,2302
5028,777,172,15
5029,777,172,2303
5030,778,19,1196
5031,778,19,309
5032,778,19,829
5033,778,19,649
5034,778,19,234
5035,778,19,689
5036,778,19,830
5037,778,19,310
5038,778,19,2304
5039,778,19,358
5040,778,19,359
5041,778,19,360
5042,778,19,361
5043,778,19,311
5044,778,19,1200
5045,778,19,951
5046,778,19,1197
5047,778,19,1198
5048,778,2,309
5049,778,2,649
5050,778,2,689
5051,778,2,830
5052,778,2,310
5053,778,2,358
5054,778,2,359
5055,778,2,360
5056,778,2,361
5057,778,2,311
5058,778,2,1200
5059,778,2,951
5060,778,19,2305
5061,778,19,597
5062,778,19,2306
5063,778,19,1492
5064,778,19,464
5065,778,19,1493
5066,778,19,1494
5067,778,19,466
5068,778,19,1495
5069,778,19,2307
5070,778,19,1279
5071,778,19,473
5072,778,19,1280
5073,778,19,1281
5074,778,19,1282
5075,778,19,1201
5076,778,19,1496
5077,778,2,2308
5078,778,2,2307
5079,778,2,1279
5080,778,2,473
5081,778,2,1280
5082,778,2,1281
5083,778,2,1282
5084,778,2,597
5085,778,2,1492
5086,778,2,1493
5087,778,2,1494
5088,778,2,1495
5089,778,28,1198
5090,779,2,290
5091,780,104,1561
5092,188,2,209
5093,188,2,122
5094,188,2,210
5095,188,2,108
5096,188,2,2309
5097,188,2,2310
5098,188,2,2311
5099,188,2,204
5100,188,2,83
5101,188,2,212
5102,188,2,341
5103,188,2,2312
5104,188,2,2313
5105,188,3,2314
5106,188,2,1442
5107,188,2,23
5108,188,2,15
5109,83,174,2315
5110,83,174,2316
5111,42,174,93
5112,781,2,2317
5113,781,2,1271
5114,781,2,1272
5115,781,2,1273
5116,781,28,1525
5117,781,28,2318
5118,781,28,793
5119,781,28,2008
5120,781,28,2319
5121,782,19,1170
5122,782,19,490
5123,782,19,491
5124,783,19,9
5125,783,19,2
5126,783,19,7
5127,784,28,2320
5128,784,28,2321
5129,784,28,2322
5130,784,28,2323
5131,784,28,2324
5132,784,28,2325
5133,784,28,2326
5134,784,28,2327
5135,784,28,2328
5136,784,28,2329
5137,784,28,2330
5138,784,28,2331
5139,784,6,2332
5140,784,6,2333
5141,784,6,2334
5142,784,6,2335
5143,784,6,2336
5144,784,6,2337
5145,784,6,2338
5146,784,6,2339
5147,784,6,2340
5148,784,6,2341
5149,784,6,2342
5150,784,6,2343
5151,784,28,462
5152,784,28,2344
5153,784,28,2345
5154,784,28,2346
5155,784,28,2347
5156,784,28,2348
5157,784,6,2349
5158,197,29,114
5159,42,175,173
5160,42,175,196
5161,42,175,174
5162,42,175,88
5163,42,175,2350
5164,42,175,697
5165,42,175,2351
5166,185,176,594
5167,185,175,26
5168,185,175,25
5169,185,175,143
5170,185,175,2352
5171,786,78,342
5172,786,3,342
5173,42,3,2353
5174,787,6,2354
5175,788,2,445
5176,788,2,1102
5177,788,2,322
5178,788,2,345
5179,788,3,2355
5180,788,3,2356
5181,788,3,2357
5182,788,3,2358
5183,61,8,2359
5184,61,7,2359
5185,61,8,2360
5186,61,7,2360
5187,61,8,2361
5188,61,7,2361
5189,61,8,2362
5190,61,7,2362
5191,789,198,86
5192,789,198,897
5193,789,198,931
5194,789,27,12
5195,789,27,11
5196,789,27,25
5197,789,27,2363
5198,789,4,2364
5199,789,4,25
5200,789,63,12
5201,789,63,11
5202,789,63,25
5203,790,27,11
5204,790,27,25
5205,790,27,2363
5206,789,177,11
5207,789,177,25
5208,789,177,2363
5209,789,178,11
5210,789,178,25
5211,789,178,2363
5212,789,27,13
5213,789,27,2365
5214,789,27,2366
5215,789,27,2367
5216,789,27,2368
5217,789,27,2369
5218,791,27,100
5219,791,27,2370
5220,791,27,2371
5221,792,2,290
5222,792,2,2372
5223,792,2,11
5224,792,2,14
5225,792,2,299
5226,792,2,85
5227,792,2,156
5228,792,2,157
5229,792,2,1449
5230,792,2,158
5231,792,2,813
5232,792,2,2373
5233,792,2,814
5234,792,2,2374
5235,792,2,816
5236,129,179,1699
5237,129,179,1965
5238,793,2,2027
5239,793,2,1100
5240,793,2,1101
5241,793,2,299
5242,793,2,85
5243,793,2,156
5244,793,2,157
5245,793,2,1449
5246,793,2,158
5247,793,4,0
5248,793,4,1837
5249,793,4,2136
5250,793,4,2029
5251,793,4,1694
5252,793,4,1696
5253,793,4,1697
5254,793,4,1699
5255,793,4,1701
5256,793,4,2375
5257,793,4,2376
5258,793,4,2377
5259,793,4,273
5260,793,4,22
5261,793,4,1548
5262,793,8,1548
5263,793,7,1548
5264,794,2,206
5265,794,2,207
5266,795,19,322
5267,795,19,55
5268,795,2,345
5269,795,2,445
5270,796,19,2378
5271,796,19,2379
5272,796,2,2380
5273,796,2,2381
5274,796,2,2382
5275,796,4,2383
5276,796,4,2384
5277,797,2,1087
5278,797,2,1328
5279,797,2,523
5280,798,2,2385
5281,799,2,2385
5282,885,2,2385
5283,885,2,2386
5284,885,2,1099
5285,800,2,1099
5286,801,2,1099
5287,797,19,980
5288,885,19,2386
5289,802,19,83
5290,802,19,2387
5291,802,2,2388
5292,802,2,2389
5293,802,2,87
5294,302,19,869
5295,302,19,308
5296,302,19,268
5297,302,19,267
5298,302,19,10
5299,302,19,266
5300,302,19,265
5301,302,19,870
5302,302,19,264
5303,302,19,273
5304,302,19,142
5305,302,19,20
5306,302,19,143
5307,302,19,272
5308,302,19,137
5309,803,3,0
5310,804,2,81
5311,804,2,165
5312,804,2,2390
5313,804,2,2391
5314,804,2,2392
5315,804,2,2393
5316,157,19,2394
5317,42,19,2395
5318,805,2,2396
5319,805,2,2397
5320,805,2,2398
5321,805,2,2399
5322,805,2,2400
5323,805,2,2401
5324,805,2,2402
5325,805,2,2403
5326,805,3,935
5327,805,3,936
5328,805,3,591
5329,805,3,938
5330,805,3,939
5331,805,3,2404
5332,805,2,2405
5333,805,2,2406
5334,805,2,2407
5335,805,2,2408
5336,805,2,2409
5337,805,2,2410
5338,805,2,2411
5339,805,2,2412
5340,805,2,2413
5341,805,2,2414
5342,805,2,2415
5343,805,2,2416
5344,805,3,2417
5345,805,3,2418
5346,805,3,2419
5347,806,19,1
5348,806,19,2090
5349,807,2,18
5350,807,4,1550
5351,807,2,143
5352,807,2,137
5353,807,2,2420
5354,807,2,985
5355,807,2,986
5356,807,2,988
5357,808,4,1550
5358,809,4,1550
5359,886,4,1550
5360,887,4,1550
5361,809,4,2421
5362,808,112,1550
5363,809,104,2422
5364,886,126,1550
5365,171,19,1175
5366,171,19,2423
5367,171,19,2424
5368,171,43,2425
5369,171,43,2426
5370,517,19,1012
5371,516,28,1012
5372,350,2,2427
5373,350,2,2428
5374,350,2,2429
5375,350,2,2430
5376,350,2,2431
5377,350,2,2432
5378,350,2,2433
5379,350,2,2434
5380,350,2,2435
5381,350,2,2436
5382,350,2,2437
5383,350,2,2438
5384,350,2,2439
5385,350,2,2440
5386,350,2,2441
5387,350,2,2442
5388,350,2,2443
5389,350,2,2444
5390,350,2,2445
5391,350,2,2446
5392,350,2,2447
5393,350,2,2448
5394,350,2,2449
5395,350,2,2450
5396,350,2,2451
5397,350,3,2452
5398,350,3,2453
5399,350,3,2454
5400,350,3,2455
5401,350,3,2456
5402,350,3,2457
5403,350,3,2458
5404,350,3,2459
5405,350,3,2460
5406,350,4,2461
5407,810,28,446
5408,810,28,447
5409,810,28,55
5410,810,28,654
5411,810,28,1748
5412,810,28,238
5413,810,28,239
5414,811,28,446
5415,811,28,447
5416,811,28,55
5417,811,28,654
5418,811,28,1748
5419,812,28,446
5420,812,28,447
5421,812,28,55
5422,812,28,654
5423,812,28,1748
5424,810,28,239
5425,881,28,239
5426,813,180,2462
5427,814,28,23
5428,814,28,15
5429,814,28,26
5430,814,28,27
5431,814,28,32
5432,814,28,33
5433,814,28,40
5434,814,28,41
5435,814,28,646
5436,814,28,2463
5437,814,28,2464
5438,814,28,2465
5439,814,28,11
5440,814,28,9
5441,814,28,14
5442,814,28,12
5443,814,28,2466
5444,814,28,2467
5445,814,28,2468
5446,814,28,36
5447,814,28,1641
5448,814,28,1171
5449,814,2,33
5450,814,2,40
5451,814,2,41
5452,814,2,646
5453,815,2,41
5454,815,2,32
5455,815,2,40
5456,815,2,646
5457,815,2,14
5458,815,3,2469
5459,816,2,2470
5460,817,5,1100
5461,817,5,1101
5462,817,5,299
5463,817,5,85
5464,817,5,156
5465,817,5,157
5466,817,5,1449
5467,817,5,158
5468,68,38,0
5469,68,37,298
5470,68,37,273
5471,68,37,142
5472,68,37,20
5473,68,37,143
5474,68,37,272
5475,68,37,137
5476,68,37,271
5477,68,37,289
5478,68,37,304
5479,68,38,2471
5480,68,39,0
5481,68,86,298
5482,68,86,273
5483,68,86,142
5484,68,86,20
5485,68,86,143
5486,68,86,272
5487,68,86,137
5488,68,86,271
5489,68,86,289
5490,68,86,304
5491,68,39,2471
5492,68,37,17
5493,68,37,308
5494,68,37,18
5495,68,37,267
5496,68,37,19
5497,68,37,266
5498,68,37,265
5499,68,37,264
5500,68,86,17
5501,68,86,308
5502,68,86,18
5503,68,86,267
5504,68,86,19
5505,68,86,266
5506,68,86,265
5507,68,86,264
5508,68,4,1548
5509,68,4,503
5510,68,4,1836
5511,68,4,364
5512,68,4,307
5513,68,4,365
5514,68,4,306
5515,68,4,1806
5516,68,4,1822
5517,68,4,1819
5518,68,4,971
5519,68,4,2472
5520,68,4,2473
5521,68,4,2474
5522,68,4,2475
5523,68,4,2476
5524,68,4,2477
5525,68,4,2478
5526,68,4,2479
5527,68,4,2480
5528,68,4,2481
5529,68,4,2482
5530,68,4,2483
5531,68,4,2484
5532,54,7,2485
5533,54,7,2486
5534,54,7,2487
5535,54,7,2488
5536,54,7,2489
5537,54,7,2490
5538,54,7,2491
5539,54,7,2492
5540,54,7,2493
5541,54,7,2494
5542,54,7,2495
5543,54,7,2496
5544,54,7,2497
5545,54,7,2498
5546,51,7,1935
5547,818,3,86
5548,818,2,13
5549,818,19,27
5550,818,199,13
5551,818,199,26
5552,818,19,9
5553,818,3,931
5554,818,199,14
5555,818,3,476
5556,818,19,1
5557,818,199,32
5558,820,2,14
5559,820,2,12
5560,820,2,221
5561,820,2,2499
5562,820,2,1456
5563,820,2,1457
5564,819,2,1456
5565,820,2,691
5566,820,2,1459
5567,821,19,20
5568,821,19,272
5569,821,19,137
5570,821,19,2500
5571,821,19,2501
5572,821,19,2502
5573,821,19,2503
5574,821,19,2504
5575,821,19,2505
5576,821,19,2506
5577,821,2,2507
5578,821,2,2508
5579,821,2,2509
5580,821,2,2510
5581,821,2,2511
5582,821,2,2512
5583,821,2,2513
5584,821,2,2514
5585,821,2,2515
5586,821,2,2516
5587,821,2,632
5588,821,2,2517
5589,882,2,2514
5590,882,2,2511
5591,882,2,2515
5592,822,2,2514
5593,822,2,2511
5594,822,2,2515
5595,823,2,1038
5596,823,2,2518
5597,823,2,1435
5598,823,2,1241
5599,823,2,1436
5600,823,2,2519
5601,823,2,1437
5602,823,2,301
5603,823,2,2520
5604,823,2,2521
5605,823,2,1771
5606,823,2,1772
5607,823,2,1773
5608,823,2,2522
5609,823,2,1774
5610,823,2,13
5611,823,2,109
5612,823,2,204
5613,823,2,83
5614,823,2,212
5615,823,2,341
5616,823,4,1825
5617,823,3,2523
5618,823,5,109
5619,824,2,175
5620,824,2,116
5621,824,2,455
5622,824,19,175
5623,824,19,116
5624,824,19,455
5625,824,19,1301
5626,824,19,1303
5627,824,19,2524
5628,825,2,2242
5629,825,2,2525
5630,825,2,2526
5631,825,2,2527
5632,825,2,2528
5633,825,2,2529
5634,531,2,1282
5635,826,6,2530
5636,827,2,290
5637,827,2,1042
5638,827,2,2372
5639,827,2,14
5640,827,2,299
5641,827,2,85
5642,827,2,156
5643,827,2,157
5644,827,2,1449
5645,827,2,158
5646,827,2,813
5647,827,2,2373
5648,827,2,814
5649,827,2,2374
5650,827,2,816
5651,827,2,2531
5652,827,2,2532
5653,827,4,1696
5654,827,5,299
5655,828,2,5
5656,829,2,5
5657,830,2,5
5658,831,2,5
5659,832,2,5
5660,833,2,5
5661,834,2,5
5662,835,2,2533
5663,835,2,2534
5664,835,2,2535
5665,835,2,2536
5666,835,2,2537
5667,835,2,2538
5668,835,2,2539
5669,835,2,2540
5670,835,2,2541
5671,835,2,2542
5672,835,2,2543
5673,835,2,2544
5674,835,2,2545
5675,835,2,2546
5676,835,2,2547
5677,835,2,2548
5678,835,2,2549
5679,835,2,2550
5680,835,2,2551
5681,835,2,2552
5682,835,2,2553
5683,835,2,2554
5684,835,2,2555
5685,835,2,2556
5686,329,56,2557
5687,329,56,2558
5688,329,56,2559
5689,329,56,2560
5690,329,56,2561
5691,329,56,2562
5692,329,56,2563
5693,329,56,2564
5694,329,56,2565
5695,329,56,2566
5696,329,56,2567
5697,329,56,2568
5698,329,56,2569
5699,329,56,2570
5700,329,56,2571
5701,329,56,2572
5702,329,56,2573
5703,329,56,2574
5704,329,56,2575
5705,329,56,2576
5706,329,56,2577
5707,329,56,2578
5708,329,56,2579
5709,329,56,2580
5710,329,56,2581
5711,329,56,2582
5712,329,56,2583
5713,329,56,2584
5717,836,19,462
5718,836,19,24
5719,836,19,25
5720,836,19,23
5721,836,19,15
5722,836,19,32
5723,836,19,89
5724,836,19,1
5725,836,19,11
5726,836,5,764
5727,836,5,5
5728,836,19,36
5729,836,19,2585
5730,836,19,1233
5731,836,19,2586
5732,836,19,1524
5733,836,19,1523
5734,836,19,1156
5735,836,19,213
5736,837,3,1854
5737,838,3,1854
5738,837,2,115
5739,839,2,115
5740,840,2,115
5741,841,200,232
5742,581,2,2587
5743,581,2,2588
5744,581,2,2589
5745,581,2,2590
5746,42,181,1734
5747,42,181,1735
5748,42,181,1736
5749,42,181,1737
5750,42,181,2591
5751,42,181,2592
5752,42,181,1738
5753,42,181,2593
5754,42,181,2594
5755,42,181,2595
5756,42,182,2593
5757,42,183,2593
5758,345,181,2596
5759,345,182,2596
5760,842,6,2597
5761,842,6,2598
5762,842,6,2599
5763,842,6,2600
5764,842,6,2601
5765,42,184,2602
5766,805,4,1549
5767,805,4,1551
5768,805,4,1616
5769,805,4,1861
5770,805,4,2603
5771,805,4,2604
5772,805,4,2605
5773,805,4,2606
5774,805,4,2607
5775,48,4,0
5776,48,4,1664
5777,48,4,1761
5778,48,4,1549
5779,48,4,1551
5780,48,4,2603
5781,48,4,2604
5782,48,4,1616
5783,48,4,2605
5784,48,4,1861
5785,48,4,2607
5786,48,112,2607
5787,48,3,2607
5788,48,4,2608
5789,843,28,2609
5790,843,28,2610
5791,843,28,2611
5792,843,28,2612
5793,843,28,2613
5794,843,28,2614
5795,843,28,2615
5796,843,28,2616
5797,843,28,2617
5798,843,28,2618
5799,843,28,2619
5800,843,28,2620
5801,843,28,2621
5802,843,2,2612
5803,843,2,2613
5804,843,2,2614
5805,844,5,2622
5806,844,5,2070
5807,844,5,2071
5808,844,5,334
5809,844,5,2072
5810,844,5,1032
5811,844,2,116
5812,845,2,2623
5813,845,28,2624
5814,846,2,2625
5815,846,28,2626
5816,847,2,2627
5817,847,2,2628
5818,847,2,2625
5819,847,2,2629
5820,847,2,2630
5821,847,2,2631
5822,847,2,2632
5823,847,2,2633
5824,847,2,2634
5825,847,2,2635
5826,847,2,2636
5827,847,28,2637
5828,847,28,2638
5829,847,28,2639
5830,847,28,2640
5831,847,28,2641
5832,847,28,2642
5833,847,28,2643
5834,847,2,2644
5835,847,2,2645
5836,847,28,2646
5837,847,28,2647
5838,738,3,0
5839,738,3,22
5840,738,3,628
5841,738,3,630
5842,738,3,1546
5843,738,3,1547
5844,738,4,0
5845,738,4,22
5846,738,4,628
5847,738,4,630
5848,738,4,1546
5849,738,4,1547
5850,738,2,298
5851,738,2,142
5852,738,2,143
5853,738,2,137
5854,738,2,289
5855,738,4,1548
5856,738,4,1836
5857,738,4,307
5858,738,4,306
5859,738,4,305
5860,738,6,22
5861,738,90,22
5862,848,19,596
5863,849,19,596
5864,850,19,15
5865,850,19,26
5866,850,19,27
5867,850,19,32
5868,850,19,33
5869,850,19,40
5870,850,19,41
5871,851,28,11
5872,851,4,2648
5873,851,55,1444
5874,851,28,272
5875,852,28,272
5876,853,28,272
5877,535,19,2190
5878,535,19,1102
5879,535,19,1175
5880,535,19,322
5881,535,19,238
5882,535,19,345
5883,535,19,346
5884,535,19,1103
5885,535,19,445
5886,535,19,446
5887,535,19,447
5888,535,19,55
5889,535,19,654
5890,535,19,1748
5891,535,19,1470
5892,535,19,49
5893,535,19,50
5894,361,3,2649
5895,361,3,2650
5896,535,3,2651
5897,854,2,2071
5898,854,2,334
5899,854,2,2072
5900,854,2,1032
5901,854,2,1841
5902,854,2,2652
5903,854,5,2071
5904,854,5,334
5905,854,5,2072
5906,854,5,1032
5907,854,5,1841
5908,854,5,2653
5909,854,5,2277
5910,855,2,11
5911,855,2,164
5912,855,2,165
5913,855,2,26
5914,855,2,40
5915,855,19,1
5916,855,19,15
5917,855,19,33
5918,856,2,11
5919,856,2,164
5920,856,2,165
5921,856,2,26
5922,856,2,40
5923,856,19,1
5924,856,19,12
5925,856,19,15
5926,856,19,33
5927,857,5,2654
5928,857,5,2655
5929,857,5,336
5930,857,5,2656
5931,858,4,22
5932,858,3,22
5933,858,4,1550
5934,858,2,308
5935,858,2,267
5936,858,2,266
5937,858,3,2657
5938,858,2,142
5939,858,2,143
5940,858,2,137
5941,858,2,647
5942,42,7,899
5943,42,7,2658
5944,42,7,2659
5945,42,7,2660
5946,42,7,2661
5947,42,7,2662
5948,42,7,2663
5949,42,7,2664
5950,42,7,2665
5951,42,7,2666
5952,42,7,2667
5953,42,7,2668
5954,42,7,2669
5955,42,7,2670
5956,42,7,2671
5957,859,185,307
5958,860,185,307
5959,56,3,278
5960,56,4,278
5961,56,4,2672
5962,56,112,2672
5963,56,4,25
5964,56,112,25
5965,56,4,1706
5966,56,112,1706
5967,56,4,2005
5968,56,112,2005
5969,56,4,2674
5970,56,112,2674
5971,80,4,1706
5972,80,4,2005
5973,80,3,1706
5974,80,3,2005
5975,861,3,1706
5976,199,2,172
5977,199,2,348
5978,199,2,159
5979,199,2,2675
5980,199,2,2676
5981,199,2,2677
5982,199,2,2678
5983,199,2,2679
5984,199,2,2680
5985,199,2,2681
5986,199,2,2682
5987,199,2,2683
5988,199,2,142
5989,199,2,20
5990,199,2,143
5991,199,2,298
5992,199,2,273
5993,862,186,1392
5994,863,186,2684
5995,864,6,2685
5996,865,186,2686
5997,866,186,2687
5998,42,188,2688
5999,42,187,2688
6000,42,189,2689
6001,867,2,316
6002,867,2,2690
6003,867,2,1095
6004,867,2,1096
6005,867,2,725
6006,867,2,726
6007,867,2,1097
6008,867,2,2691
6009,867,2,2692
6010,867,112,2693
6011,867,3,2694
6012,867,17,1096
6013,511,19,2695
6014,511,190,2696
6015,511,190,2697
6016,511,191,2697
6017,511,191,2698
6018,511,191,2699
6019,511,191,2700
6020,511,191,2701
6021,511,191,2703
6022,511,191,2704
6023,511,191,2705
6024,511,191,2706
6025,511,191,2707
6026,868,19,25
6027,868,19,15
6028,868,19,27
6029,868,19,33
6030,868,19,41
6031,868,19,1229
6032,868,19,2352
6033,868,19,2708
6034,659,134,161
6035,869,3,2355
6036,869,3,1706
6037,869,3,2709
6038,869,3,2005
6039,869,3,2710
6040,869,3,2711
6041,869,3,2712
6042,869,3,1636
6043,869,3,2713
6044,869,3,2714
6045,869,3,2715
6046,869,3,2716
6047,869,3,2717
6048,869,3,2718
6049,869,3,2719
6050,870,3,2720
6051,871,3,2710
6052,872,28,23
6053,872,28,15
6054,872,28,26
6055,872,28,27
6056,872,28,32
6057,872,28,13
6058,872,28,145
6059,872,28,806
6060,872,28,2000
6061,872,28,358
6062,872,28,1232
6063,872,28,2721
6064,872,28,2722
6065,872,28,2723
6066,873,28,2000
6067,874,28,2000
6068,888,28,2000
6069,875,2,2724
6070,875,2,2725
6071,875,2,2726
6072,875,2,2727
6073,875,2,2728
6074,875,2,2729
6075,875,2,2730
6076,875,2,2731
6077,875,3,2750
6078,875,2,2732
6079,875,3,2733
6080,875,3,2734
6081,876,2,2727
6082,877,2,2727
6083,878,2,2727
6084,879,2,2727
6085,880,2,2727
6086,875,4,2735
6087,875,5,2727
6088,875,192,2735
6089,875,193,2735
6090,875,194,2735
6091,875,195,2727
6092,875,2,2736
6093,875,2,2737
6094,875,2,2738
6095,875,2,2739
6096,875,2,2740
6097,875,4,2741
6098,875,4,2742
6099,875,4,2743
6100,875,4,2744
6101,875,4,2745
6102,875,4,2746
6103,875,4,2747
6104,875,4,2748
6105,875,4,2749
6106,582,19,2308
6107,582,19,2307
6108,582,19,1279
6109,582,19,2751
6110,582,19,2752
6111,636,3,2753
