linker_molecular_weight,e3_ligand_hydrogen_bond_acceptor_count,kcat,alpha,warhead_xlogp3,hydrogen_bond_acceptor_count,topological_polar_surface_area,linker_topological_polar_surface_area,kdegp,linker_hydrogen_bond_donor_count,linker_hydrogen_bond_acceptor_count,dmax,warhead_molecular_weight,alpha_dmax,e3_ligand_rotatable_bond_count,dc50,warhead_rotatable_bond_count,rotatable_bond_count,linker_xlogp3,alpha_dc50,warhead_hydrogen_bond_acceptor_count,molecular_weight,e3_ligand_xlogp3,e3_ligand_molecular_weight,kdp,e0,xlogp3,warhead_hydrogen_bond_donor_count,kde,warhead_binding_energy,e3_ligand_binding_energy,e3_ligand_hydrogen_bond_donor_count,linker_rotatable_bond_count,e3_ligand_topological_polar_surface_area,hydrogen_bond_donor_count,warhead_topological_polar_surface_area
134.222,8,1,1,4.1,13,199.37,0,0.010889207,0,0,0.92,494.429,1,9,25,7,16,3.63,1,3,934.152,1.83,594.738,508.3512,1,5.63,1,686.9879,6.293836135,6.163050937,4,2,164.52,5,49.77
148.202,4,1,1,5.27,14,234.9,27.69,0.010889207,0,3,0.851,524.658,1,5,367.8,11,19,0.15,1,7,876.002,1.86,413.518,4542.5018,1,2.33,1,5964.6627,5.342704888,5.224414107,3,7,98.74,5,108.16
280.361,5,1,1,2.19,17,267.43,55.38,0.010889207,0,6,0.85,434.548,1,1,9.7,5,27,-0.29,1,8,991.015,0,273.248,92.612,1,2.24,2,162.7905,7.033332511,6.788371064,2,16,109.57,4,91.21
236.308,5,1,1,2.19,16,258.2,46.15,0.010889207,0,5,0.85,434.548,1,1,5.9,5,24,-0.15,1,8,946.962,0,273.248,86.3928,1,2.39,2,105.6176,7.06352256,6.976263712,2,13,109.57,4,91.21
146.23,4,1,1,2.59,14,228.87,18.46,0.007118644,0,2,0.91,382.251,1,5,210,4,25,1.55,1,4,1106.259,1.86,413.518,1199.2144,1,7.93,4,1995.5245,5.921103166,5.699942938,3,7,98.74,5,98.91
163.217,4,1,1,2.57,12,200.76,53.71,0.0147165,1,4,0.91,378.439,1,5,50,4,21,-1.16,1,9,1036.693,1.86,413.518,1571.1345,1,6.56,3,3391.3885,5.803786636,5.469622456,3,8,98.74,5,145.99
171.284,5,1,1,2.54,12,199.6,29.1,0.010218225,1,1,0.77,499.619,1,1,42,6,19,2.9,1,7,995.117,0,273.248,91.3761,1,4.24,3,184.721,7.039167152,6.733483791,2,7,109.57,5,107.94
222.281,5,1,1,2.19,16,258.2,57.15,0.010889207,1,5,0.87,434.548,1,1,4.5,5,22,-0.68,1,8,932.935,0,273.248,93.6408,1,2.91,2,150.2269,7.02853472,6.823252246,2,12,109.57,4,91.21
71.123,4,1,1,2.3,12,144.55,12.03,0.021218616,1,1,0.98,417.42,1,1,0.1,4,6,0.36,1,9,712.792,0.13,258.233,270.5653,1,3.03,0,242.0766,6.567727922,6.616047135,1,0,83.55,1,81.43
156.313,5,1,1,2.74,10,205.08,0,0.011017488,0,0,0.76,481.307,1,5,1380,6,22,6.17,1,7,896.168,1.34,414.506,215.7749,1,7.56,4,800.7835,6.665998994,6.096484869,3,8,122.53,6,153.09
163.217,4,1,1,4.05,16,237.51,53.71,0.021218616,1,4,0.79,634.741,1,5,930,10,20,-1.16,1,9,1021.28,1.86,413.518,1789.2934,1,3.59,2,4038.8995,5.747318449,5.393736956,3,8,98.74,5,115.4
190.239,5,1,1,2.6,15,242.78,44.76,0.010889207,0,4,0.89,487.56,1,1,32,6,20,-0.42,1,7,917.851,0,273.248,74.979,1,2.93,1,232.2763,7.125060292,6.633995068,2,10,109.57,4,96.89
132.159,4,1,1,4.3,14,213.2,35.53,0.010889207,0,3,0.99,420.368,1,1,14.9,4,14,-0.17,1,6,787.834,-0.88,285.303,156.4974,1,2.33,1,267.1728,6.80549281,6.57320776,2,6,78.51,3,88.42
148.202,6,1,1,4.07,18,277.74,27.69,0.021218616,0,3,0.99,422.828,1,5,180,7,23,0.15,1,6,1201.386,2.86,458.628,928.0163,1,2.75,3,864.3035,6.032444388,6.063333742,3,7,108.55,6,117.2
225.336,4,1,1,2.22,12,213.61,50.94,0.03980471,1,4,0.753,342.614,1,1,100,6,18,2.47,1,6,861.788,0.13,258.233,14.8161,1,4.95,3,40.613,7.829267308,7.391335006,1,9,83.55,4,102.16
238.375,4,1,1,3.33,12,199.03,32.34,0.010889207,1,3,0.941,532.666,1,1,8.8,7,14,1.12,1,6,954.529,-0.5,259.265,20.026,1,6.97,2,149.3238,7.698405379,6.825871006,2,5,92.5,4,102.84
104.149,4,1,1,2.91,17,255.55,18.46,0.010889207,0,2,0.75,445.527,1,5,220,4,20,0.3,1,8,1029.19,1.86,413.518,778.5923,1,4.99,2,3653.2319,6.108689917,5.437322763,3,4,98.74,4,85.86
247.338,4,1,1,4.55,17,282.65,44.48,0.021218616,1,3,0.999,354.837,1,5,6500,4,22,2.12,1,3,1175.47,1.86,413.518,1952.5601,1,5,1,3275.6096,5.70939559,5.484707868,3,8,98.74,6,62.12
118.176,8,1,1,4.1,15,217.83,18.46,0.010889207,0,2,0.7,494.429,1,9,250,7,19,0.66,1,3,918.106,1.83,594.738,883.65,1,3.22,1,1420.7056,6.053719707,5.847495895,4,5,164.52,5,49.77
200.242,4,1,1,2.55,17,232.97,75.19,0.021218616,1,6,0.78,377.286,1,5,726,3,19,-1.78,1,5,1039.686,1.86,413.518,510.7694,1,4.34,1,3520.0724,6.291775158,5.453448398,3,7,98.74,4,50.16
146.23,4,1,1,9.61,12,186.66,18.46,0.010889207,0,2,0.71,581.867,1,5,50,22,20,1.54,1,4,972.631,1.86,413.518,302.4505,1,6.83,3,2337.2033,6.519345688,5.63130351,3,7,98.74,3,79.46
201.27,4,1,1,2.55,13,188.5,64.6,0.021218616,3,4,0.81,377.286,1,1,239,3,11,-1.37,1,5,840.363,0.13,258.233,65.2806,1,2.86,1,747.2707,7.185216147,6.126522026,1,5,83.55,2,50.16
118.176,7,1,1,4.11,11,192.21,29.46,0.010889207,1,2,0.71,446.91,1,8,50,8,19,0.47,1,7,941.592,1.59,543.69,709.6357,1,8.11,1,2782.659,6.148964568,5.555540008,4,5,140.73,4,68.74
74.123,7,1,1,2.17,11,146.22,20.23,0.010889207,1,1,0.67,285.343,1,9,320,4,14,0.79,1,4,789.037,2.31,587.718,375.7849,1,5.8,0,8228.9102,6.425060705,5.084657678,4,2,140.73,3,48.3
150.221,8,1,1,4.1,14,208.6,9.23,0.006318381,0,1,0.99,494.429,1,9,26,7,17,3.15,1,3,950.151,1.83,594.738,943.6679,1,5.34,1,712.6867,6.025180814,6.147101352,4,3,164.52,5,49.77
90.122,4,1,1,2.8,12,174.29,29.46,0.010889207,1,2,0.7,443.401,1,1,30,6,12,-0.24,1,7,763.73,-0.5,259.265,26.8792,1,2.78,2,143.7211,7.570582966,6.84247943,2,3,92.5,2,88.61
86.178,7,1,1,-0.46,14,188.7,0,0.010889207,0,0,0.947,454.447,1,9,11.5,9,17,3.47,1,10,1000.284,2.31,587.718,1946.0419,1,7.13,5,7496.539,5.710847813,5.125139193,4,3,140.73,4,210.54
117.192,7,1,1,4.11,11,195.01,35.25,0.010889207,1,2,0.71,446.91,1,9,50,8,19,0.21,1,7,968.662,2.31,587.718,822.1353,1,8.92,1,3066.7341,6.085056696,5.513323876,4,5,140.73,5,68.74
118.176,8,1,1,1.86,18,235.57,18.46,0.053389831,0,2,0.95,836.83,1,9,5.1,14,22,0.66,1,7,1094.325,1.83,594.738,118.2068,1,4.76,6,1594.5296,6.927357568,5.797367425,4,5,164.52,4,228.54
134.222,8,1,1,4.1,13,199.37,0,0.010889207,0,0,0.92,494.429,1,9,25,7,16,3.63,1,3,934.152,1.83,594.738,1098.2531,1,5.63,1,686.9879,5.959297556,6.163050937,4,2,164.52,5,49.77
253.39,4,1,1,2.22,12,213.61,50.94,0.03980471,1,4,0.701,342.614,1,1,100,6,20,3.18,1,6,889.842,0.13,258.233,45.3777,1,5.66,3,26.5447,7.343157506,7.576021679,1,11,83.55,4,102.16
119.164,4,1,1,2.55,14,202.26,44.48,0.010889207,1,3,0.93,377.286,1,5,631,3,17,-1.01,1,5,958.608,1.86,413.518,892.4975,1,5.11,1,4920.2959,6.049392981,5.308008775,3,5,98.74,4,50.16
183.299,4,1,1,6.27,10,155.39,27.3,0.010889207,2,3,0.9,414.896,1,1,155.3,5,9,-0.08,1,4,792.337,-0.5,259.265,148.0761,1,5.25,2,111.6525,6.829515027,6.952131409,2,2,92.5,2,66.73
188.311,4,1,1,2.74,11,214.31,18.46,0.037318255,0,2,0.77,481.307,1,5,550,6,23,2.98,1,7,898.14,1.86,413.518,193.16,1,6.16,4,3755.0921,6.714082844,5.425379405,3,10,98.74,6,153.09
210.277,4,1,1,2.55,15,228.28,70.5,0.021218616,2,4,0.98,377.286,1,5,85,3,18,0.38,1,5,1049.721,1.86,413.518,497.0807,1,6.51,1,1763.421,6.303573113,5.753643982,3,6,98.74,5,50.16
100.205,4,1,1,3.74,14,185.77,0,0.010889207,0,0,0.803,409.943,1,5,151.2,6,20,4.01,1,7,1009.339,1.86,413.518,72.6473,1,9.08,3,2944.0524,7.138780305,5.531054468,3,4,98.74,5,96.01
410.504,5,1,1,3.35,21,282.74,90.91,0.010889207,0,9,0.65,447.457,1,1,45,5,37,-1.15,1,5,1221.348,0,273.248,405.196,1,2.34,3,760.6965,6.39233488,6.118788601,2,25,109.57,3,87.38
177.244,5,1,1,2.71,14,232.27,53.71,0.010889207,1,4,0.671,486.638,1,1,28.5,6,21,-0.79,1,6,853.289,0,273.248,35.1962,1,3.82,3,171.8123,7.453503851,6.764945737,2,9,109.57,5,111.63
132.203,4,1,1,2.59,14,228.87,18.46,0.007118644,0,2,0.994,382.251,1,5,18.8,4,24,1.19,1,4,1092.232,1.86,413.518,920.2132,1,7.57,4,2660.7033,6.036111527,5.575003547,3,6,98.74,5,98.91
281.444,4,1,1,2.22,12,213.61,50.94,0.03980471,1,4,0.78,342.614,1,1,60,6,22,4.26,1,6,917.896,0.13,258.233,24.9659,1,6.75,3,13.7311,7.602653426,7.862293532,1,13,83.55,4,102.16
205.254,4,1,1,3.59,15,236.79,67.79,0.010889207,2,4,0.99,486.944,1,1,26.7,7,22,-1.14,1,8,926.928,0.13,258.233,56.1513,1,2.72,3,110.7572,7.25063992,6.955628171,1,9,83.55,4,91.41
118.176,4,1,1,2.59,14,228.87,18.46,0.007118644,0,2,0.926,382.251,1,5,40.1,4,23,0.66,1,4,1078.205,1.86,413.518,1414.0806,1,7.21,4,2658.9792,5.849525836,5.575285054,3,5,98.74,5,98.91
118.176,8,1,1,4.1,15,217.83,18.46,0.006318381,0,2,0.65,494.429,1,9,300,7,19,0.66,1,3,918.106,1.83,594.738,883.65,1,3.22,1,1420.7056,6.053719707,5.847495895,4,5,164.52,5,49.77
274.364,4,1,1,3.64,10,163.67,41.57,0.010889207,1,3,0.75,423.448,1,1,75,10,8,1.61,1,7,917.967,-0.5,259.265,66.6312,1,6,3,142.2748,7.176322373,6.846871948,2,3,92.5,1,97.4
192.255,4,1,1,2.64,17,229.73,36.92,0.010889207,0,4,0.95,341.411,1,5,1.4,7,24,0,1,3,1060.331,1.86,413.518,973.976,1,5.91,3,4870.2241,6.01145175,5.312451051,3,10,98.74,4,81.67
102.177,7,1,1,6.1,13,190.86,9.23,0.010889207,0,1,0.95,413.561,1,9,0.17,6,22,1.87,1,3,1004.285,2.31,587.718,65.9186,1,9.05,1,3705.4431,7.180991897,5.431159853,4,4,140.73,5,32.7
249.307,4,1,1,2.03,16,224.03,80.01,0.010889207,1,6,0.96,528.589,1,1,0.75,12,21,-1.87,1,11,1028.128,-0.5,259.265,544.3174,1,1.57,2,163.8105,6.2641478,6.785658214,2,14,92.5,3,124.47
144.258,4,1,1,2.74,10,205.08,9.23,0.037318255,0,1,0.74,481.307,1,5,910,6,20,3.5,1,7,854.087,1.86,413.518,164.5833,1,5.85,4,2424.3349,6.783614112,5.615407386,3,7,98.74,6,153.09
144.258,4,1,1,2.74,10,205.08,9.23,0.011017488,0,1,0.59,481.307,1,5,640,6,20,3.5,1,7,854.087,1.86,413.518,191.7177,1,5.85,4,2424.3349,6.717337765,5.615407386,3,7,98.74,6,153.09
352.523,7,1,1,1.98,16,208.59,50.26,0.010889207,1,5,0.97,440.866,1,9,8.1,6,24,0.45,1,8,1279.708,2.31,587.718,5673.5746,1,6.91,2,11829.131,5.24614323,4.927047157,4,5,140.73,4,97.86
143.23,5,1,1,4.37,9,174.45,43.09,0.010677966,1,1,0.9,501.553,1,1,100,5,12,2.13,1,6,653.692,0,273.248,53.733,1,4.16,2,135.1697,7.26975878,6.869120755,2,6,109.57,4,93.37
16.043,7,1,1,3.19,14,206.72,0,0.010889207,0,0,0.74,433.501,1,9,70,9,15,0.65,1,8,1017.054,2.31,587.718,16.919,1,6.81,1,9579.8621,7.771625268,5.018640742,4,0,140.73,5,94.53
57.096,4,1,1,2.3,12,144.55,12.03,0.010889207,1,1,0.99,417.42,1,1,0.2,4,5,-0.07,1,9,698.765,-0.5,259.265,225.5437,1,2.81,0,229.4776,6.646769252,6.639259789,2,0,92.5,1,81.43
198.31,7,1,1,1.69,19,263.54,23.55,0.010889207,0,2,0.85,591.71,1,9,12.8,14,30,1.45,1,9,1627.496,2.31,587.718,202.4311,1,11.77,5,3575.6723,6.693722846,5.446642289,4,4,140.73,5,193.5
114.232,5,1,1,1.1,10,174.42,0,0.046510067,0,0,0.95,186.174,1,1,37,0,15,4.55,1,3,757.896,0,273.248,14.6812,1,5.64,2,79.5861,7.833239353,7.099162845,2,5,109.57,4,74.43
225.336,4,1,1,4.3,14,192.43,35.58,0.010889207,1,4,0.9973,420.368,1,1,2.93,4,10,-0.08,1,6,865.996,-0.5,259.265,114.0495,1,3.63,1,323.6332,6.942906797,6.489946942,2,4,92.5,2,88.42
87.122,4,1,1,3.72,13,208.98,29.1,0.008718078,1,1,0.96,316.353,1,5,670,6,15,1.04,1,5,832.988,1.86,413.518,401.7178,1,4.72,1,1199.9308,6.396078947,5.92084381,3,3,98.74,5,57.15
206.245,7,1,1,2.22,13,212.01,50.69,0.010889207,1,3,0.75,320.396,1,9,5.2,3,17,2.64,1,4,1009.22,2.31,587.718,180.8787,1,9.08,2,3029.1302,6.742612669,5.518682059,4,6,140.73,6,72.94
162.229,5,1,1,-5.47,15,204.67,27.69,0.0147165,0,3,0.98,443.202,1,1,0.8,6,19,0.52,1,12,923.449,0,273.248,342.5187,1,4.81,7,615.2355,6.465315659,6.21095861,2,8,109.57,3,252.57
59.068,4,1,1,1.98,11,209.17,29.1,0.010218225,1,1,0.73,586.6,1,5,92,7,13,0.14,1,8,1016.132,1.86,413.518,113.9476,1,5.11,3,792.5457,6.943294916,6.100975706,3,1,98.74,6,136.21
308.375,4,1,1,3.33,16,262.76,101.27,0.010889207,2,7,0.93,532.666,1,1,41.9,7,27,-1.54,1,6,1024.529,0.13,258.233,258.252,1,4.65,2,68.4761,6.587956348,7.164461185,1,18,83.55,6,102.84
100.205,4,1,1,3.74,14,185.77,0,0.010889207,0,0,0.748,409.943,1,5,3.54,6,20,4.01,1,7,1009.339,1.86,413.518,72.6473,1,9.08,3,2944.0524,7.138780305,5.531054468,3,4,98.74,5,96.01
57.096,4,1,1,2.3,12,144.55,12.03,0.021218616,1,1,0.93,417.42,1,1,1,4,5,-0.07,1,9,698.765,0.13,258.233,45.7482,1,2.81,0,274.2052,7.339625809,6.561924347,1,0,83.55,1,81.43
99.133,4,1,1,3.72,13,208.98,29.1,0.010889207,1,1,0.84,316.353,1,5,111,6,13,1.05,1,5,844.999,1.86,413.518,539.8863,1,4.95,1,1899.7402,6.267697732,5.721305791,3,2,98.74,5,57.15
278.389,4,1,1,4.29,17,252.65,57.15,0.010889207,1,5,0.85,372.875,1,1,6,3,24,1,1,3,998.107,0.13,258.233,59.3919,1,4.5,1,262.6815,7.226273077,6.580570447,1,15,83.55,2,44.81
146.23,4,1,1,4.2,13,199.55,18.46,0.010889207,0,2,0.71,492.498,1,5,50,8,20,1.54,1,7,1007.171,1.86,413.518,131.838,1,6.35,1,1365.9851,6.879959349,5.864554029,3,7,98.74,3,95.34
190.239,5,1,1,2.6,15,242.78,44.76,0.010889207,0,4,0.93,487.56,1,1,13,6,20,-0.42,1,7,917.851,0,273.248,74.979,1,2.93,1,232.2763,7.125060292,6.633995068,2,10,109.57,4,96.89
71.123,4,1,1,2.3,12,144.55,12.03,0.021218616,1,1,0.98,417.42,1,1,0.1,4,6,0.36,1,9,712.792,0.13,258.233,24.1898,1,3.03,0,242.0766,7.616367547,6.616047135,1,0,83.55,1,81.43
163.217,4,1,1,2.57,12,200.76,53.71,0.021218616,1,4,0.98,378.439,1,5,8,4,21,-1.16,1,9,1036.693,1.86,413.518,1436.0613,1,6.56,3,3391.3885,5.842827032,5.469622456,3,8,98.74,5,145.99
85.15,4,1,1,2.3,12,144.55,12.03,0.010889207,1,1,0.68,417.42,1,1,50,4,5,0.64,1,9,726.819,0.13,258.233,71.2954,1,3.52,0,151.9788,7.146938689,6.818216922,1,0,83.55,1,81.43
184.283,7,1,1,1.69,19,263.54,23.55,0.010889207,0,2,0.91,591.71,1,9,39.9,14,29,0.9,1,9,1613.469,2.31,587.718,195.8614,1,11.23,5,5498.3113,6.70805109,5.259770677,4,3,140.73,5,193.5
148.202,4,1,1,2.6,16,241.76,27.69,0.010889207,0,3,0.85,487.56,1,5,25,6,23,0.15,1,7,1061.15,1.86,413.518,315.6246,1,5.49,1,1527.7287,6.500829107,5.815953763,3,7,98.74,5,96.89
192.255,5,1,1,2.19,15,248.97,36.92,0.010889207,0,4,0.84,434.548,1,1,21.8,5,21,0,1,8,902.909,0,273.248,69.5594,1,2.53,2,114.9465,7.157644473,6.939504159,2,10,109.57,4,91.21
200.285,4,1,1,4.3,13,181.77,24.92,0.010889207,1,2,0.9775,420.368,1,1,51.1,4,8,1.76,1,6,840.945,-0.5,259.265,34.225,1,4.94,1,45.0255,7.465657084,7.346541153,2,0,92.5,2,88.42
141.218,4,1,1,6.27,10,155.39,27.3,0.010889207,2,3,0.76,414.896,1,1,0.1,5,8,-0.98,1,4,750.256,-0.5,259.265,55.3557,1,4.34,2,178.6644,7.256837645,6.747961953,2,1,92.5,2,66.73
144.258,4,1,1,2.74,10,205.08,9.23,0.037318255,0,1,0.74,481.307,1,5,910,6,20,3.5,1,7,854.087,1.86,413.518,34.6504,1,5.85,4,2424.3349,7.460291639,5.615407386,3,7,98.74,6,153.09
266.334,5,1,1,2.19,17,267.43,66.38,0.010889207,1,6,0.87,434.548,1,1,1.1,5,25,-0.83,1,8,976.988,0,273.248,77.8403,1,2.76,2,245.7707,7.10879543,6.609469898,2,15,109.57,4,91.21
57.096,4,1,1,2.3,12,144.55,12.03,0.021218616,1,1,0.98,417.42,1,1,0.3,4,5,-0.07,1,9,698.765,-0.5,259.265,225.5437,1,2.81,0,229.4776,6.646769252,6.639259789,2,0,92.5,1,81.43
278.345,5,1,1,3.35,18,255.05,63.22,0.010889207,0,6,0.82,447.457,1,1,70,5,28,-0.71,1,5,1089.189,0,273.248,75.6407,1,2.78,3,478.2133,7.121244187,6.32037838,2,16,109.57,3,87.38
100.161,7,1,1,2.54,17,251.07,17.07,0.010889207,0,1,0.99,523.659,1,9,53,7,28,1.64,1,7,1542.39,2.31,587.718,66.9183,1,12.83,3,3474.4363,7.174454799,5.459115647,4,4,140.73,5,135.42
215.297,4,1,1,2.55,13,188.5,64.6,0.021218616,3,4,0.78,377.286,1,1,89.9,3,12,-1.02,1,5,854.39,0.13,258.233,120.609,1,3.22,1,891.3033,6.918620458,6.049974482,1,6,83.55,2,50.16
308.375,4,1,1,3.33,16,262.76,101.27,0.010889207,2,7,0.938,532.666,1,1,20,7,27,-1.54,1,6,1024.529,0.13,258.233,258.252,1,4.65,2,68.4761,6.587956348,7.164461185,1,18,83.55,6,102.84
71.123,4,1,1,2.3,12,144.55,12.03,0.0147165,1,1,0.98,417.42,1,1,0.4,4,6,0.36,1,9,712.792,0.13,258.233,84.7921,1,3.03,0,242.0766,7.071644549,6.616047135,1,0,83.55,1,81.43
212.337,7,1,1,1.69,19,263.54,23.55,0.010889207,0,2,0.94,591.71,1,9,54,14,31,1.99,1,9,1641.523,2.31,587.718,226.5925,1,12.31,5,4337.0262,6.644754488,5.362807954,4,5,140.73,5,193.5
155.201,5,1,1,4.22,15,238.78,39.94,0.011118242,0,4,0.88,930.737,1,1,108.9,21,15,0.24,1,8,802.805,0,273.248,10.4851,1,1.71,8,3023.255,7.979428925,5.519525218,2,4,109.57,5,246.48
74.123,4,1,1,3.59,14,217.31,9.23,0.010889207,0,1,0.99,486.944,1,5,3,7,20,0.81,1,8,996.148,1.86,413.518,326.5011,1,5.76,3,1607.1841,6.486115408,5.793934373,3,2,98.74,5,91.41
87.122,4,1,1,3.72,13,208.98,29.1,0.010889207,1,1,0.94,316.353,1,5,610,6,15,1.04,1,5,832.988,1.86,413.518,402.1788,1,4.72,1,1199.9308,6.395580787,5.92084381,3,3,98.74,5,57.15
221.3,7,1,1,3.13,12,207.49,38.33,0.010889207,1,2,0.98,525.66,1,9,1.1,12,19,3.32,1,11,1036.286,2.31,587.718,32.1751,1,9.57,1,2545.5735,7.492480725,5.594214364,4,8,140.73,6,116.94
85.15,4,1,1,2.3,12,144.55,12.03,0.010889207,1,1,0.68,417.42,1,1,50,4,5,0.64,1,9,726.819,0.13,258.233,730.5408,1,3.52,0,151.9788,6.136355537,6.818216922,1,0,83.55,1,81.43
199.254,5,1,1,1.27,15,244.77,49.17,0.011118242,0,5,0.705,835.802,1,1,34,13,23,0.09,1,7,775.82,0,273.248,12.6082,1,1,7,626.4651,7.899348175,6.203103121,2,7,109.57,5,244.33
240.391,7,1,1,1.69,19,263.54,23.55,0.010889207,0,2,0.69,591.71,1,9,354.8,14,33,3.07,1,9,1669.577,2.31,587.718,75.7386,1,13.4,5,3702.6912,7.120682932,5.431482502,4,7,140.73,5,193.5
119.164,4,1,1,2.55,14,202.26,44.48,0.0147165,1,3,0.97,377.286,1,5,316,3,17,-1.01,1,5,958.608,1.86,413.518,695.2555,1,5.11,1,4920.2959,6.157855544,5.308008775,3,5,98.74,4,50.16
86.178,4,1,1,3.74,14,185.77,0,0.010889207,0,0,0.804,409.943,1,5,0.51,6,19,3.47,1,7,995.312,1.86,413.518,124.8244,1,8.54,3,3431.915,6.903700406,5.464463474,3,3,98.74,5,96.01
114.192,4,1,1,6.27,10,164.18,15.27,0.010889207,1,2,0.77,414.896,1,1,0.8,5,10,-0.03,1,4,738.245,-0.88,285.303,126.3569,1,4.36,2,124.2218,6.89840087,6.905802342,2,1,78.51,3,66.73
158.201,4,1,1,-5.06,9,167.11,66.56,0.010889207,2,3,0.967,633.596,1,1,2,17,10,-1.32,1,10,832.836,0.13,258.233,998.7093,1,6.09,10,220.427,6.000560925,6.656735237,1,1,83.55,3,281.4
118.176,8,1,1,4.1,15,217.83,18.46,0.006318381,0,2,0.65,494.429,1,9,300,7,19,0.66,1,3,918.106,1.83,594.738,2459.0403,1,3.22,1,1420.7056,5.609234345,5.847495895,4,5,164.52,5,49.77
100.205,7,1,1,1.67,15,206.08,0,0.010889207,0,0,0.86,440.887,1,9,1.56,4,21,4.01,1,4,1092.429,2.31,587.718,249.4011,1,8.86,3,8061.8377,6.603101719,5.093565947,4,4,140.73,5,107.61
155.245,4,1,1,6.27,10,155.39,27.3,0.010889207,2,3,0.92,414.896,1,1,0.3,5,9,-0.32,1,4,764.283,-0.5,259.265,123.6288,1,4.53,2,351.0589,6.907880236,6.454619982,2,2,92.5,2,66.73
100.165,4,1,1,1.35,12,210.03,15.27,0.010889207,1,2,0.8,418.369,1,5,23,6,16,-0.39,1,8,1010.203,1.86,413.518,586.3755,1,6.39,3,1387.8564,6.231824164,5.85765547,3,0,98.74,5,166.23
160.257,4,1,1,4.5,12,203.73,18.46,0.010889207,0,2,0.71,479.934,1,5,50,4,21,2.08,1,4,1004.142,1.86,413.518,485.199,1,6.85,2,2498.6035,6.314080079,5.602302658,3,8,98.74,3,59.97
229.324,4,1,1,2.55,13,188.5,64.6,0.021218616,3,4,0.94,377.286,1,1,60,3,13,-0.66,1,5,868.417,0.13,258.233,118.9522,1,3.57,1,746.7471,6.924627388,6.126826479,1,7,83.55,2,50.16
71.123,4,1,1,2.3,12,144.55,12.03,0.010889207,1,1,0.97,417.42,1,1,0.3,4,6,0.36,1,9,712.792,0.13,258.233,24.1898,1,3.03,0,242.0766,7.616367547,6.616047135,1,0,83.55,1,81.43
150.221,8,1,1,4.1,14,208.6,9.23,0.010889207,0,1,0.99,494.429,1,9,26,7,17,3.06,1,3,950.151,1.83,594.738,849.47,1,5.44,1,720.8793,6.070851963,6.142137446,4,3,164.52,5,49.77
294.388,5,1,1,3.14,13,199.09,55.38,0.003319283,0,6,0.92,406.389,1,1,81.8,2,26,0.07,1,5,886.975,0,273.248,196.0749,1,2.51,1,286.0356,6.707577904,6.543579836,2,17,109.57,4,80.46
104.149,4,1,1,2.91,17,255.55,18.46,0.010889207,0,2,0.88,445.527,1,5,136,4,20,0.3,1,8,1029.19,1.86,413.518,571.1885,1,4.99,2,3653.2319,6.243220539,5.437322763,3,4,98.74,4,85.86
280.361,4,1,1,3.8,20,271.66,55.38,0.010889207,0,6,0.76,374.322,1,5,4.8,5,34,-0.29,1,5,1329.631,1.86,413.518,519.3578,1,8.07,2,2393.4746,6.284533319,5.620971183,3,16,98.74,5,90.13
206.282,4,1,1,3.59,17,245,36.92,0.010889207,0,4,0.91,486.944,1,5,48.1,7,29,0.37,1,8,1128.307,1.86,413.518,153.7322,1,5.32,3,1836.6273,6.813235285,5.735978953,3,11,98.74,5,91.41
190.239,5,1,1,3.35,16,236.59,44.76,0.010889207,0,4,0.65,447.457,1,1,100,5,22,-0.42,1,5,1001.083,0,273.248,153.6745,1,3.08,3,178.8656,6.813398301,6.747473294,2,10,109.57,3,87.38
175.228,4,1,1,3.59,14,227.56,58.56,0.010889207,2,3,0.98,486.944,1,1,8.2,7,20,-0.46,1,8,896.902,0.13,258.233,35.3708,1,3.22,3,68.0975,7.451355532,7.166869062,1,7,83.55,4,91.41
249.307,4,1,1,2.03,16,224.03,80.01,0.035906736,1,6,0.9,528.589,1,1,1.85,12,21,-1.87,1,11,1028.128,-0.5,259.265,544.3174,1,1.57,2,163.8105,6.2641478,6.785658214,2,14,92.5,3,124.47
205.254,5,1,1,3.33,14,244.3,56.79,0.010889207,1,4,0.843,532.666,1,1,30.1,7,21,0.07,1,6,936.423,0,273.248,74.3603,1,4.95,2,37.7399,7.128659024,7.42319947,2,11,109.57,6,102.84
183.299,4,1,1,2.3,14,151.03,18.51,0.021218616,1,3,0.99,417.42,1,1,0.5,4,8,0.03,1,9,824.968,0.13,258.233,52.0434,1,2.84,0,158.9564,7.283633991,6.798721987,1,3,83.55,1,81.43
162.229,5,1,1,-5.47,15,204.67,27.69,0.0147165,0,3,0.98,443.202,1,1,0.8,6,19,0.52,1,12,923.449,0,273.248,485.5458,1,4.81,7,615.2355,6.313769781,6.21095861,2,8,109.57,3,252.57
252.307,4,1,1,4.29,18,261.88,66.38,0.010889207,1,6,0.68,372.875,1,1,10,3,24,-1.2,1,3,972.025,0.13,258.233,230.1695,1,2.3,1,96.2872,6.637952137,7.01643132,1,14,83.55,2,44.81
169.272,4,1,1,3.83,10,149.4,27.3,0.010889207,2,3,0.95,418.501,1,1,0.3,8,8,-0.27,1,8,791.353,-0.5,259.265,326.4635,1,5.21,1,314.4978,6.486165376,6.50238244,2,1,92.5,2,84.76
57.096,4,1,1,2.3,12,144.55,12.03,0.021218616,1,1,0.95,417.42,1,1,0.2,4,5,-0.07,1,9,698.765,0.13,258.233,45.7482,1,2.81,0,274.2052,7.339625809,6.561924347,1,0,83.55,1,81.43
207.27,4,1,1,2.57,13,209.99,62.94,0.0147165,1,5,0.92,378.439,1,5,20,4,24,-1.3,1,9,1080.746,1.86,413.518,1745.1911,1,6.41,3,7280.3016,5.758157021,5.137850627,3,11,98.74,5,145.99
57.096,4,1,1,2.3,12,144.55,12.03,0.0147165,1,1,0.99,417.42,1,1,0.7,4,5,-0.07,1,9,698.765,-0.5,259.265,46.9816,1,2.81,0,229.4776,7.328071946,6.639259789,2,0,92.5,1,81.43
60.052,4,1,1,2.18,13,224.31,26.3,0.010889207,0,2,0.97,334.456,1,5,16,0,13,0.13,1,4,893.04,1.86,413.518,460.9717,1,3.9,3,4558.1101,6.336325742,5.341215184,3,1,98.74,5,77.76
152.237,7,1,1,3.9,12,188.17,17.07,0.010889207,0,1,0.84,600.757,1,1,7.05,14,15,2.76,1,7,912.105,0.66,273.252,44.5732,1,5.47,4,272.3482,7.350926527,6.564875475,2,7,119.97,3,151.93
99.133,4,1,1,3.72,13,208.98,29.1,0.008718078,1,1,0.86,316.353,1,5,275,6,13,1.05,1,5,844.999,1.86,413.518,539.8863,1,4.95,1,1899.7402,6.267697732,5.721305791,3,2,98.74,5,57.15
72.151,8,1,1,1.4,14,180.69,0,0.010889207,0,0,0.95,353.422,1,9,1.76,5,19,2.92,1,6,995.232,1.83,594.738,301.805,1,5.06,0,661.3593,6.520273596,6.17956252,4,2,164.52,3,56.59
119.164,4,1,1,2.57,11,191.53,44.48,0.0147165,1,3,0.74,378.439,1,5,158,4,18,-1.01,1,9,992.64,1.86,413.518,5279.3784,1,6.71,3,3834.0188,5.277417207,5.416345758,3,5,98.74,5,145.99
60.052,7,1,1,2.18,13,224.31,26.3,0.010889207,0,2,0.9,334.456,1,9,9,0,13,0.13,1,4,907.067,2.31,587.718,1134.7921,1,4.3,3,8534.3935,5.945083707,5.068827339,4,1,140.73,5,77.76
333.469,4,1,1,5.27,16,273.23,66.02,0.010889207,1,5,0.75,524.658,1,5,200,11,30,1.49,1,7,1061.269,1.86,413.518,2134.1274,1,3.67,1,1534.1271,5.670779652,5.814138661,3,18,98.74,6,108.16
169.272,4,1,1,3.83,10,149.4,27.3,0.010889207,2,3,0.95,418.501,1,1,0.4,8,8,-0.27,1,8,791.353,-0.5,259.265,195.4767,1,5.21,1,297.2025,6.708904938,6.526947481,2,1,92.5,2,84.76
188.311,4,1,1,2.74,11,214.31,18.46,0.011017488,0,2,0.66,481.307,1,5,530,6,23,2.98,1,7,898.14,1.86,413.518,324.065,1,6.16,4,3755.0921,6.48936793,5.425379405,3,10,98.74,6,153.09
191.234,4,1,1,4.3,14,202.08,45.23,0.010889207,1,4,0.9778,420.368,1,1,26.87,4,8,0.12,1,6,831.894,-0.5,259.265,135.4972,1,3.82,1,149.3251,6.868069538,6.825867113,2,2,92.5,2,88.42
180.247,4,1,1,3.64,11,177.43,18.46,0.010889207,0,2,0.98,423.448,1,5,5,10,17,2.46,1,7,1024.201,1.86,413.518,223.1205,1,8.51,3,1419.4578,6.6514606,5.847877526,3,6,98.74,3,97.4
87.122,4,1,1,3.72,13,208.98,29.1,0.008718078,1,1,0.96,316.353,1,5,670,6,15,1.04,1,5,832.988,1.86,413.518,184.0487,1,4.72,1,1199.9308,6.735067223,5.92084381,3,3,98.74,5,57.15
32.042,7,1,1,1.82,12,204,20.23,0.010889207,1,1,0.94,478.601,1,9,13,6,14,-0.46,1,7,892.096,2.31,587.718,1307.0695,1,5.46,3,5601.1093,5.883701308,5.251725949,4,0,140.73,5,119.72
176.256,7,1,1,3.05,12,186.66,38.69,0.010889207,1,3,0.71,543.068,1,9,50,3,21,0.68,1,8,1052.227,2.31,587.718,413.8175,1,7.95,1,2694.7228,6.383191099,5.569485904,4,9,140.73,3,100.13
30.07,5,1,1,2.3,12,153.34,0,0.021218616,0,0,0.98,417.42,1,1,0.2,4,7,1.3,1,9,686.754,0,273.248,65.0171,1,3.41,0,620.4122,7.186972206,6.207319652,2,0,109.57,2,81.43
201.31,4,1,1,3.64,12,180.67,21.7,0.010889207,0,3,0.7,423.448,1,5,501,10,18,1.17,1,7,1045.264,1.86,413.518,680.3213,1,6.98,3,2030.3964,6.167285904,5.69241917,3,7,98.74,3,97.4
134.175,4,1,1,4.3,14,193.33,38.69,0.010889207,1,3,0.91,420.368,1,1,8.3,4,15,-0.39,1,6,774.835,-0.5,259.265,86.4321,1,3.1,1,144.622,7.063324752,6.83976577,2,6,92.5,2,88.42
86.178,4,1,1,5.27,11,207.21,0,0.010889207,0,0,0.969,524.658,1,5,100.6,11,15,3.47,1,7,813.978,1.86,413.518,2176.3976,1,4.29,1,1958.6392,5.662261766,5.708045557,3,3,98.74,5,108.16
138.185,8,1,1,4.1,13,199.37,0,0.006318381,0,0,0.95,494.429,1,9,55,7,15,3.18,1,3,938.115,1.83,594.738,713.9965,1,5.37,1,360.0239,6.146303919,6.443668664,4,1,164.52,5,49.77
88.15,4,1,1,3.59,14,217.31,9.23,0.010889207,0,1,0.99,486.944,1,5,4,7,21,1.34,1,8,1010.175,1.86,413.518,266.1329,1,6.12,3,1085.4898,6.574901357,5.964374263,3,3,98.74,5,91.41
99.133,4,1,1,3.72,13,208.98,29.1,0.010889207,1,1,0.84,316.353,1,5,111,6,13,1.05,1,5,844.999,1.86,413.518,539.9438,1,4.95,1,1899.7402,6.267651474,5.721305791,3,2,98.74,5,57.15
144.258,4,1,1,2.74,10,205.08,9.23,0.010889207,0,1,0.56,481.307,1,5,4190,6,20,3.5,1,7,854.087,1.86,413.518,34.6504,1,5.85,4,2424.3349,7.460291639,5.615407386,3,7,98.74,6,153.09
78.114,7,1,1,4.1,12,190.14,0,0.006318381,0,0,0.96,494.429,1,9,99,7,10,1.92,1,3,818.017,2.31,587.718,4189.3495,1,4.97,1,1642.0355,5.377853403,5.784617459,4,0,140.73,5,49.77
197.282,4,1,1,4.3,14,192.43,35.58,0.010889207,1,4,0.9756,420.368,1,1,7.27,4,10,-0.79,1,6,837.942,0.13,258.233,44.8605,1,2.91,1,185.3676,7.348136199,6.731966145,1,4,83.55,2,88.42
71.123,4,1,1,2.3,12,144.55,12.03,0.010889207,1,1,0.97,417.42,1,1,0.3,4,6,0.36,1,9,712.792,0.13,258.233,84.7921,1,3.03,0,242.0766,7.071644549,6.616047135,1,0,83.55,1,81.43
100.161,4,1,1,5.27,11,224.28,17.07,0.010889207,0,1,0.779,524.658,1,5,2546.1,11,14,1.64,1,7,827.961,1.86,413.518,2020.2281,1,3.06,1,2962.0643,5.694599593,5.528405523,3,4,98.74,5,108.16
253.39,4,1,1,4.07,13,176.11,35.58,0.010889207,1,3,0.98,380.54,1,1,2,11,12,0.68,1,6,878.092,-0.5,259.265,7.3936,1,2.8,3,359.9024,8.131143692,6.443815307,2,4,92.5,2,80.27
180.291,7,1,1,3.9,12,188.17,17.07,0.010889207,0,1,0.87,600.757,1,1,2.25,14,17,3.84,1,7,940.159,0.66,273.252,60.2332,1,6.56,4,387.2605,7.220164266,6.411996755,2,9,119.97,3,151.93
142.246,4,1,1,6.27,10,164.18,15.27,0.010889207,1,2,0.67,414.896,1,1,16.2,5,12,0.86,1,4,766.299,-0.88,285.303,150.3637,1,5.08,2,157.186,6.822856924,6.803586083,2,3,78.51,3,66.73
85.131,7,1,1,4.1,14,203.03,12.89,0.006318381,0,2,0.96,494.429,1,9,112,7,10,0.95,1,3,825.034,2.31,587.718,11565.2888,1,4.66,1,2520.1066,4.936843516,5.598581084,4,0,140.73,5,49.77
162.229,5,1,1,-5.47,15,204.67,27.69,0.021218616,0,3,0.95,443.202,1,1,1,6,19,0.52,1,12,923.449,0,273.248,485.5458,1,4.81,7,615.2355,6.313769781,6.21095861,2,8,109.57,3,252.57
32.042,7,1,1,3.66,12,204,20.23,0.010889207,1,1,0.96,520.674,1,9,3,6,14,-0.46,1,5,878.069,2.31,587.718,758.2655,1,5.03,4,8211.1819,6.120178689,5.085594329,4,0,140.73,5,110.77
199.254,5,1,1,1.27,15,244.77,49.17,0.011118242,0,5,0.8407,835.802,1,1,9.12,13,23,0.09,1,7,775.82,0,273.248,12.6082,1,1,7,626.4651,7.899348175,6.203103121,2,7,109.57,5,244.33
188.311,4,1,1,2.74,11,214.31,18.46,0.037318255,0,2,0.77,481.307,1,5,550,6,23,2.98,1,7,898.14,1.86,413.518,324.065,1,6.16,4,3755.0921,6.48936793,5.425379405,3,10,98.74,6,153.09
99.133,4,1,1,3.72,13,208.98,29.1,0.008718078,1,1,0.86,316.353,1,5,275,6,13,1.05,1,5,844.999,1.86,413.518,539.9438,1,4.95,1,1899.7402,6.267651474,5.721305791,3,2,98.74,5,57.15
212.337,7,1,1,1.69,19,263.54,23.55,0.010889207,0,2,0.94,591.71,1,9,54,14,31,1.99,1,9,1641.523,2.31,587.718,388.8485,1,12.31,5,4337.0262,6.410219548,5.362807954,4,5,140.73,5,193.5
226.364,7,1,1,1.69,19,263.54,23.55,0.010889207,0,2,0.96,591.71,1,9,12.8,14,32,2.53,1,9,1655.55,2.31,587.718,1204.8474,1,12.86,5,3512.386,5.919067958,5.454397764,4,6,140.73,5,193.5
225.336,4,1,1,2.22,12,213.61,50.94,0.03980471,1,4,0.883,342.614,1,1,60,6,18,2.28,1,6,861.788,0.13,258.233,28.0789,1,5.13,3,23.3253,7.551619598,7.632173117,1,9,83.55,4,102.16
281.444,4,1,1,2.22,12,213.61,50.94,0.03980471,1,4,0.886,342.614,1,1,40,6,22,4.63,1,6,917.896,0.13,258.233,33.9394,1,7.12,3,42.3367,7.469295376,7.373283378,1,13,83.55,4,102.16
207.27,4,1,1,2.57,13,209.99,62.94,0.021218616,1,5,0.95,378.439,1,5,8,4,24,-1.3,1,9,1080.746,1.86,413.518,2131.5407,1,6.41,3,7280.3016,5.671306368,5.137850627,3,11,98.74,5,145.99
101.193,4,1,1,6.27,9,169.73,26.02,0.010889207,1,1,0.99,414.896,1,1,0.6,5,14,1.62,1,4,725.246,-0.88,285.303,189.9309,1,5.84,2,30.7008,6.721404283,7.512849731,2,4,78.51,4,66.73
216.281,4,1,1,3.18,10,229.41,92.42,0.011118242,3,3,0.8447,352.434,1,1,3.46,6,21,-0.11,1,5,734.807,0.13,258.233,17.7677,1,2.05,0,177.6893,7.750368744,6.750338627,1,9,83.55,6,53.35
87.122,4,1,1,3.72,13,208.98,29.1,0.008718078,1,1,0.75,316.353,1,5,300,6,15,1.04,1,5,832.988,1.86,413.518,401.7178,1,4.72,1,1199.9308,6.396078947,5.92084381,3,3,98.74,5,57.15
59.112,4,1,1,6.27,9,169.73,26.02,0.010889207,1,1,0.85,414.896,1,1,1,5,11,0.18,1,4,683.165,-0.88,285.303,102.5903,1,4.77,2,14.6681,6.988893624,7.833624794,2,1,78.51,4,66.73
162.229,5,1,1,-5.47,15,204.67,27.69,0.021218616,0,3,0.95,443.202,1,1,0.57,6,19,0.52,1,12,923.449,0,273.248,342.5187,1,4.81,7,615.2355,6.465315659,6.21095861,2,8,109.57,3,252.57
213.365,5,1,1,4.5,10,211.05,29.1,0.003319283,1,1,0.99,492.004,1,1,0.228,4,19,4.53,1,7,876.987,0,273.248,34.3318,1,5.03,2,98.4656,7.464302852,7.006715518,2,10,109.57,4,92.4
198.31,7,1,1,1.69,19,263.54,23.55,0.010889207,0,2,0.79,591.71,1,9,179.9,14,30,1.45,1,9,1627.496,2.31,587.718,402.5546,1,11.77,5,3575.6723,6.395175253,5.446642289,4,4,140.73,5,193.5
71.123,4,1,1,2.3,12,144.55,12.03,0.010889207,1,1,0.97,417.42,1,1,0.3,4,6,0.36,1,9,712.792,0.13,258.233,270.5653,1,3.03,0,242.0766,6.567727922,6.616047135,1,0,83.55,1,81.43
169.272,4,1,1,3.83,10,149.4,27.3,0.010889207,2,3,0.99,418.501,1,1,0.09,8,8,-0.27,1,8,791.353,-0.5,259.265,326.4635,1,5.21,1,314.4978,6.486165376,6.50238244,2,1,92.5,2,84.76
57.096,4,1,1,2.3,12,144.55,12.03,0.0147165,1,1,0.99,417.42,1,1,0.7,4,5,-0.07,1,9,698.765,-0.5,259.265,225.5437,1,2.81,0,229.4776,6.646769252,6.639259789,2,0,92.5,1,81.43
87.166,4,1,1,6.27,9,169.73,26.02,0.010889207,1,1,0.95,414.896,1,1,0.2,5,13,1.08,1,4,711.219,-0.88,285.303,82.9989,1,5.49,2,44.249,7.080927543,7.354097017,2,3,78.51,4,66.73
265.35,5,1,1,2.71,16,250.73,72.17,0.010889207,1,6,0.884,486.638,1,1,80.4,6,27,-1.09,1,6,941.395,0,273.248,116.1968,1,3.52,3,294.7216,6.934805969,6.530588012,2,15,109.57,5,111.63
86.178,4,1,1,3.74,14,185.77,0,0.010889207,0,0,0.903,409.943,1,5,126.2,6,19,3.47,1,7,995.312,1.86,413.518,124.8244,1,8.54,3,3431.915,6.903700406,5.464463474,3,3,98.74,5,96.01
71.123,4,1,1,2.3,12,144.55,12.03,0.021218616,1,1,0.98,417.42,1,1,0.1,4,6,0.36,1,9,712.792,0.13,258.233,84.7921,1,3.03,0,242.0766,7.071644549,6.616047135,1,0,83.55,1,81.43
205.254,5,1,1,3.33,14,244.3,56.79,0.010889207,1,4,0.769,532.666,1,1,32.3,7,21,0.07,1,6,936.423,0,273.248,74.3603,1,4.95,2,37.7399,7.128659024,7.42319947,2,11,109.57,6,102.84
239.363,4,1,1,4.07,13,176.11,35.58,0.010889207,1,3,0.74,380.54,1,1,52,11,11,0.32,1,6,864.065,-0.5,259.265,1.6851,1,2.44,3,302.0209,8.77337635,6.519963023,2,3,92.5,2,80.27
213.365,5,1,1,4.5,10,211.05,29.1,0.003319283,1,1,0.99,492.004,1,1,0.263,4,19,4.53,1,7,876.987,0,273.248,34.3318,1,5.03,2,98.4656,7.464302852,7.006715518,2,10,109.57,4,92.4
155.245,4,1,1,3.83,10,149.4,27.3,0.010889207,2,3,0.999,418.501,1,1,0.1,8,9,-0.79,1,8,777.326,-0.5,259.265,198.0577,1,4.69,1,177.9382,6.703208294,6.749730803,2,2,92.5,2,84.76
183.299,4,1,1,6.27,10,155.39,27.3,0.010889207,2,3,0.97,414.896,1,1,0.2,5,9,-0.08,1,4,792.337,-0.5,259.265,148.0761,1,5.25,2,111.6525,6.829515027,6.952131409,2,2,92.5,2,66.73
30.07,5,1,1,2.3,12,153.34,0,0.021218616,0,0,0.98,417.42,1,1,0.2,4,7,1.3,1,9,686.754,0,273.248,182.7719,1,3.41,0,620.4122,6.73809061,6.207319652,2,0,109.57,2,81.43
169.228,5,1,1,4.58,12,217.19,50.94,0.011118242,1,4,0.86,312.398,1,1,2.2,4,18,0.41,1,6,779.855,0,273.248,11.5557,1,3.35,0,181.0443,7.937204285,6.74221509,2,5,109.57,5,50.08
199.338,4,1,1,2.54,13,215.65,29.1,0.010218225,1,1,0.71,499.619,1,5,260,6,25,3.98,1,7,1208.507,1.86,413.518,416.7657,1,7.09,3,3037.6193,6.380108057,5.517466651,3,9,98.74,6,107.94
87.122,4,1,1,3.72,13,208.98,29.1,0.010889207,1,1,0.94,316.353,1,5,610,6,15,1.04,1,5,832.988,1.86,413.518,402.1788,1,4.72,1,1199.9308,6.395580787,5.92084381,3,3,98.74,5,57.15
183.299,4,1,1,2.3,14,151.03,18.51,0.021218616,1,3,0.99,417.42,1,1,0.1,4,8,0.03,1,9,824.968,0.13,258.233,52.0434,1,2.84,0,158.9564,7.283633991,6.798721987,1,3,83.55,1,81.43
162.229,5,1,1,-5.47,15,204.67,27.69,0.021218616,0,3,0.97,443.202,1,1,0.6,6,19,0.52,1,12,923.449,0,273.248,342.5187,1,4.81,7,615.2355,6.465315659,6.21095861,2,8,109.57,3,252.57
30.07,5,1,1,2.3,12,153.34,0,0.021218616,0,0,0.98,417.42,1,1,0.2,4,7,1.3,1,9,686.754,0,273.248,118.7644,1,3.41,0,620.4122,6.925313541,6.207319652,2,0,109.57,2,81.43
144.258,4,1,1,2.74,10,205.08,9.23,0.011017488,0,1,0.59,481.307,1,5,640,6,20,3.5,1,7,854.087,1.86,413.518,164.5833,1,5.85,4,2424.3349,6.783614112,5.615407386,3,7,98.74,6,153.09
144.258,4,1,1,2.74,10,205.08,9.23,0.010889207,0,1,0.56,481.307,1,5,4190,6,20,3.5,1,7,854.087,1.86,413.518,191.7177,1,5.85,4,2424.3349,6.717337765,5.615407386,3,7,98.74,6,153.09
225.336,4,1,1,2.22,12,213.61,50.94,0.03980471,1,4,0.685,342.614,1,1,950,6,18,2.28,1,6,861.788,0.13,258.233,14.1605,1,4.77,3,73.5025,7.848920536,7.133698018,1,9,83.55,4,102.16
350.551,7,1,1,1.98,15,199.36,30.03,0.010889207,0,4,0.98,440.866,1,9,8.8,6,24,1.57,1,8,1277.736,2.31,587.718,4885.9187,1,7.1,2,7517.6327,5.311053761,5.123918895,4,5,140.73,4,97.86
221.297,5,1,1,2.71,15,241.5,62.94,0.010889207,1,5,0.665,486.638,1,1,9.4,6,24,-0.94,1,6,897.342,0,273.248,104.2512,1,3.67,3,351.4952,6.981918901,6.45408063,2,12,109.57,5,111.63
295.471,4,1,1,4.58,13,233.24,50.94,0.011118242,1,4,0.57,312.398,1,5,4.3,4,31,4.81,1,6,1091.434,1.86,413.518,140.3051,1,9.17,0,1691.3858,6.852926474,5.771757312,3,14,98.74,6,50.08
188.267,4,1,1,4.3,14,213.2,35.53,0.010889207,0,3,0.99,420.368,1,1,11.6,4,18,1.43,1,6,843.942,-0.88,285.303,355.4606,1,3.76,1,201.7272,6.449208498,6.6952355,2,10,78.51,3,88.42
216.365,4,1,1,3.15,14,209.47,18.46,0.010889207,0,2,0.791,525.613,1,5,215.8,7,29,3.69,1,9,1086.773,1.86,413.518,693.4411,1,7.81,2,1682.0675,6.158990433,5.774156593,3,12,98.74,5,104.62
169.272,4,1,1,3.19,10,149.4,27.3,0.010889207,2,3,0.99,379.464,1,1,0.1,4,9,-0.27,1,6,805.38,-0.5,259.265,122.6689,1,5.58,1,234.3315,6.911265489,6.630169329,2,1,92.5,2,76.16
87.122,4,1,1,3.72,13,208.98,29.1,0.031118096,1,1,0.82,316.353,1,5,590,6,15,1.04,1,5,832.988,1.86,413.518,402.1788,1,4.72,1,1199.9308,6.395580787,5.92084381,3,3,98.74,5,57.15
220.272,7,1,1,3.13,13,219.85,50.69,0.010889207,1,3,0.95,525.66,1,9,7.7,12,18,3,1,11,1035.258,2.31,587.718,74.3787,1,9.25,1,2327.9995,7.128551291,5.633017122,4,7,140.73,6,116.94
156.189,4,1,1,2.55,16,223.74,65.96,0.021218616,1,5,0.91,377.286,1,5,518,3,16,-1.63,1,5,995.633,1.86,413.518,905.0743,1,4.49,1,3103.1827,6.043315745,5.508192656,3,4,98.74,4,50.16
197.326,4,1,1,4.18,11,160.42,18.51,0.010889207,1,3,0.7,572.75,1,1,30,9,10,0.39,1,6,868.958,-0.5,259.265,73.8387,1,4.65,2,166.8444,7.131715858,6.77768833,2,2,92.5,3,86.9
123.155,4,1,1,2.55,13,193.03,35.25,0.021218616,1,2,0.99,377.286,1,5,7.2,3,13,-0.41,1,5,962.599,1.86,413.518,807.087,1,5.71,1,1680.2178,6.093079642,5.774634409,3,1,98.74,4,50.16
231.336,5,1,1,3.35,16,239.39,47.56,0.010889207,1,3,0.71,447.457,1,1,25,5,25,1.21,1,5,1042.18,0,273.248,272.9024,1,4.61,3,226.2221,6.563992611,6.645465057,2,11,109.57,4,87.38
163.217,4,1,1,2.57,12,200.76,53.71,0.0147165,1,4,0.91,378.439,1,5,50,4,21,-1.16,1,9,1036.693,1.86,413.518,1436.0613,1,6.56,3,3391.3885,5.842827032,5.469622456,3,8,98.74,5,145.99
134.175,5,1,1,2.19,14,239.74,38.69,0.010889207,1,3,0.64,434.548,1,1,1487,5,16,-0.39,1,8,844.829,0,273.248,30.7116,1,3.2,2,189.6121,7.51269758,6.722134027,2,6,109.57,4,91.21
71.123,4,1,1,2.3,12,144.55,12.03,0.0147165,1,1,0.98,417.42,1,1,0.4,4,6,0.36,1,9,712.792,0.13,258.233,270.5653,1,3.03,0,242.0766,6.567727922,6.616047135,1,0,83.55,1,81.43
181.283,4,1,1,2.63,15,221.72,30.71,0.010889207,0,3,0.98,445.527,1,5,7.95,4,23,2.9,1,8,1091.756,1.86,413.518,76.8417,1,7.83,2,874.7322,7.114403131,6.058124895,3,6,98.74,5,85.86
150.221,8,1,1,4.1,14,208.6,9.23,0.006318381,0,1,0.99,494.429,1,9,41,7,17,3.06,1,3,950.151,1.83,594.738,849.47,1,5.44,1,720.8793,6.070851963,6.142137446,4,3,164.52,5,49.77
74.123,4,1,1,3.59,14,217.31,9.23,0.010889207,0,1,0.99,486.944,1,5,7.6,7,20,0.97,1,8,996.148,1.86,413.518,212.2543,1,6.22,3,2037.8358,6.673143454,5.69083082,3,2,98.74,5,91.41
132.203,4,1,1,2.59,14,228.87,18.46,0.007118644,0,2,0.994,382.251,1,5,18.8,4,24,1.19,1,4,1092.232,1.86,413.518,919.4095,1,7.57,4,2660.7033,6.036491033,5.575003547,3,6,98.74,5,98.91
202.298,4,1,1,2.55,12,194.05,75.35,0.021218616,3,3,0.97,377.286,1,1,6,3,16,0.46,1,5,841.391,0.13,258.233,189.8116,1,5.02,1,307.6607,6.721677265,6.511927935,1,9,83.55,3,50.16
87.122,4,1,1,3.72,13,208.98,29.1,0.008718078,1,1,0.96,316.353,1,5,670,6,15,1.04,1,5,832.988,1.86,413.518,402.1788,1,4.72,1,1199.9308,6.395580787,5.92084381,3,3,98.74,5,57.15
32.042,7,1,1,5.78,12,204,20.23,0.010889207,1,1,0.96,568.563,1,9,21,9,14,-0.46,1,4,892.096,2.31,587.718,816.3645,1,5.46,1,5002.7482,6.088115886,5.300791354,4,0,140.73,5,91.75
68.119,7,1,1,2.58,8,132.85,0,0.010889207,0,0,0.703,512.542,1,1,3.9,8,7,1.88,1,6,789.981,0.66,273.252,50.305,1,6.4,2,424.9069,7.298388486,6.371706232,2,1,119.97,2,120.94
197.282,4,1,1,2.22,12,213.61,50.94,0.03980471,1,4,0.791,342.614,1,1,70,6,16,1.38,1,6,833.734,0.13,258.233,36.7848,1,4.05,3,72.3367,7.434331097,7.140641313,1,7,83.55,4,102.16
176.256,4,1,1,3.64,12,186.66,38.69,0.010889207,1,3,0.76,423.448,1,5,15,10,21,0.68,1,7,1020.21,1.86,413.518,446.717,1,7.45,3,2480.5639,6.34996756,5.605449579,3,9,98.74,3,97.4
207.27,4,1,1,2.55,16,220.72,62.94,0.010889207,1,5,0.97,377.286,1,5,200,3,23,-1.3,1,5,1046.714,1.86,413.518,1131.6207,1,4.82,1,3175.2311,5.946299112,5.49822466,3,11,98.74,4,50.16
188.267,5,1,1,4.3,14,213.2,35.53,0.010889207,0,3,0.93,420.368,1,1,90.1,4,18,1.43,1,6,843.942,0,273.248,256.0214,1,4.31,1,111.7603,6.591723672,6.95171253,2,10,109.57,3,88.42
170.256,7,1,1,1.69,19,263.54,23.55,0.010889207,0,2,0.56,591.71,1,9,316.2,14,28,0.36,1,9,1599.442,2.31,587.718,123.4617,1,10.87,5,1701.2057,6.90846774,5.76924318,4,2,140.73,5,193.5
212.337,7,1,1,1.69,19,263.54,23.55,0.010889207,0,2,0.94,591.71,1,9,12.9,14,31,1.99,1,9,1641.523,2.31,587.718,388.8485,1,12.31,5,4337.0262,6.410219548,5.362807954,4,5,140.73,5,193.5
147.174,4,1,1,2.55,13,191.25,69.56,0.021218616,3,3,0.86,377.286,1,1,62,3,12,-1.08,1,5,786.267,0.13,258.233,47.6495,1,3.8,1,624.0814,7.321941597,6.204758742,1,5,83.55,2,50.16
101.149,4,1,1,1.85,15,229.56,29.1,0.010889207,1,1,0.85,387.447,1,5,640,3,19,0.38,1,6,1145.804,1.86,413.518,3750.8913,1,6.31,4,2105.8963,5.425865516,5.676563021,3,2,98.74,4,94.21
155.245,4,1,1,3.83,10,149.4,27.3,0.010889207,2,3,0.99,418.501,1,1,0.9,8,9,-0.32,1,8,777.326,-0.5,259.265,117.0656,1,4.69,1,212.0842,6.931570581,6.673491668,2,2,92.5,2,84.76
278.389,4,1,1,2.5,16,228.86,57.15,0.010889207,1,5,0.97,384.528,1,1,2.2,4,25,1.29,1,6,947.059,0.13,258.233,580.0195,1,3.81,1,122.7816,6.236557371,6.910866707,1,16,83.55,2,65.77
289.372,5,1,1,3.35,17,265.69,73.86,0.010889207,1,5,0.51,447.457,1,1,100,5,27,-0.28,1,5,1100.216,0,273.248,272.4083,1,3.04,3,272.0631,6.564779587,6.565330383,2,15,109.57,4,87.38
162.229,5,1,1,-5.47,15,204.67,27.69,0.021218616,0,3,0.95,443.202,1,1,0.57,6,19,0.52,1,12,923.449,0,273.248,463.4944,1,4.81,7,615.2355,6.333955493,6.21095861,2,8,109.57,3,252.57
132.159,4,1,1,4.3,14,213.2,35.53,0.010889207,0,3,0.99,420.368,1,1,6.2,4,14,-0.17,1,6,787.834,-0.88,285.303,156.4974,1,2.33,1,267.1728,6.80549281,6.57320776,2,6,78.51,3,88.42
118.176,8,1,1,4.1,15,217.83,18.46,0.010889207,0,2,0.7,494.429,1,9,250,7,19,0.66,1,3,918.106,1.83,594.738,2459.0403,1,3.22,1,1420.7056,5.609234345,5.847495895,4,5,164.52,5,49.77
162.229,5,1,1,-5.47,15,204.67,27.69,0.021218616,0,3,0.95,443.202,1,1,0.57,6,19,0.52,1,12,923.449,0,273.248,485.5458,1,4.81,7,615.2355,6.313769781,6.21095861,2,8,109.57,3,252.57
169.272,4,1,1,6.27,10,155.39,27.3,0.010889207,2,3,0.88,414.896,1,1,0.3,5,8,-0.27,1,4,778.31,-0.5,259.265,149.8622,1,5.06,2,85.5622,6.824307784,7.067718201,2,1,92.5,2,66.73
74.123,4,1,1,4.14,13,200.49,9.23,0.010889207,0,1,0.86,710.857,1,5,100,10,16,0.81,1,10,949.043,1.86,413.518,123.7579,1,6.35,3,3015.8858,6.907427157,5.520585106,3,2,98.74,3,119.92
281.444,4,1,1,2.22,12,213.61,50.94,0.03980471,1,4,0.862,342.614,1,1,70,6,22,4.26,1,6,917.896,0.13,258.233,29.0956,1,6.75,3,69.5055,7.53617305,7.157980966,1,13,83.55,4,102.16
128.219,4,1,1,6.27,10,164.18,15.27,0.010889207,1,2,0.82,414.896,1,1,2.7,5,11,0.5,1,4,752.272,-0.88,285.303,124.1744,1,4.72,2,127.4373,6.905967806,6.894703505,2,2,78.51,3,66.73
131.175,4,1,1,3.13,13,246.61,49.33,0.010889207,2,2,0.93,289.81,1,1,190,1,15,0.14,1,3,830.903,0.13,258.233,14.9489,1,3,1,17.2214,7.825391679,7.763932437,1,4,83.55,5,39.06
202.298,4,1,1,2.55,12,194.05,75.35,0.021218616,3,3,0.95,377.286,1,1,10,3,16,0.46,1,5,841.391,0.13,258.233,189.8116,1,5.02,1,307.6607,6.721677265,6.511927935,1,9,83.55,3,50.16
238.327,4,1,1,3.64,12,186.66,27.69,0.010889207,0,3,0.71,423.448,1,5,50,10,21,2.67,1,7,1082.281,1.86,413.518,321.0298,1,8.72,3,2364.1958,6.493454615,5.626316554,3,10,98.74,3,97.4
213.365,5,1,1,4.5,10,211.05,29.1,0.003319283,1,1,0.99,492.004,1,1,0.509,4,19,4.53,1,7,876.987,0,273.248,34.3318,1,5.03,2,98.4656,7.464302852,7.006715518,2,10,109.57,4,92.4
147.174,4,1,1,3.13,14,255.84,58.56,0.010889207,2,3,0.9,289.81,1,1,405,1,16,-0.89,1,3,846.902,0.13,258.233,29.7882,1,2.14,1,60.3297,7.525955668,7.219469129,1,5,83.55,5,39.06
119.164,4,1,1,2.55,14,202.26,44.48,0.010889207,1,3,0.93,377.286,1,5,631,3,17,-1.01,1,5,958.608,1.86,413.518,1266.012,1,5.11,1,4920.2959,5.897562172,5.308008775,3,5,98.74,4,50.16
253.342,4,1,1,2.55,15,211.49,53.71,0.021218616,1,4,0.89,377.286,1,5,23.1,3,22,1.99,1,5,1092.786,1.86,413.518,2224.1129,1,7.71,1,1399.9344,5.652843163,5.853892318,3,10,98.74,4,50.16
160.257,4,1,1,2.59,14,228.87,18.46,0.007118644,0,2,0.996,382.251,1,5,9.5,4,26,2.44,1,4,1120.286,1.86,413.518,1792.729,1,8.74,4,1028.5357,5.746485354,5.987780634,3,8,98.74,5,98.91
44.053,5,1,1,2.3,14,212.34,17.07,0.010889207,0,1,0.9228,369.406,1,1,4.6,5,12,-0.27,1,8,830.324,0,273.248,69.7073,1,5,1,207.7493,7.156721554,6.682460498,2,0,109.57,4,102.39
16.043,7,1,1,3.19,14,206.72,0,0.010889207,0,0,0.85,433.501,1,9,4.35,9,15,0.65,1,8,1017.054,2.31,587.718,16.919,1,6.81,1,9579.8621,7.771625268,5.018640742,4,0,140.73,5,94.53
200.285,4,1,1,4.3,13,181.77,24.92,0.010889207,1,2,0.9501,420.368,1,1,46.1,4,8,1.76,1,6,840.945,0.13,258.233,43.5063,1,4.94,1,99.0073,7.361447809,7.004332864,1,0,83.55,2,88.42
197.282,4,1,1,4.3,14,192.43,35.58,0.010889207,1,4,0.999,420.368,1,1,3.18,4,10,-0.79,1,6,837.942,-0.5,259.265,158.381,1,2.91,1,122.8036,6.800297028,6.910788755,2,4,92.5,2,88.42
118.176,4,1,1,2.59,14,228.87,18.46,0.007118644,0,2,0.926,382.251,1,5,40.1,4,23,0.66,1,4,1078.205,1.86,413.518,1427.7018,1,7.21,4,2658.9792,5.845362481,5.575285054,3,5,98.74,5,98.91
240.391,7,1,1,1.69,19,263.54,23.55,0.010889207,0,2,0.81,591.71,1,9,12.1,14,33,3.07,1,9,1669.577,2.31,587.718,75.7386,1,13.4,5,3702.6912,7.120682932,5.431482502,4,7,140.73,5,193.5
373.541,4,1,1,3.16,11,198,44.81,0.010889207,1,4,0.91,346.434,1,1,876,3,14,2.77,1,5,807.905,0.13,258.233,44.6086,1,2.45,2,225.7721,7.350580973,6.646329771,1,8,83.55,4,75.27
162.229,5,1,1,-5.47,15,204.67,27.69,0.0147165,0,3,0.98,443.202,1,1,0.8,6,19,0.52,1,12,923.449,0,273.248,463.4944,1,4.81,7,615.2355,6.333955493,6.21095861,2,8,109.57,3,252.57
250.335,5,1,1,3.14,12,189.86,46.15,0.003319283,0,5,0.9,406.389,1,1,35.7,2,23,0.22,1,5,842.922,0,273.248,211.9878,1,2.66,1,508.7463,6.673689165,6.293498737,2,14,109.57,4,80.46
32.042,4,1,1,3.66,12,204,20.23,0.010889207,1,1,0.95,520.674,1,5,16,6,14,-0.46,1,5,864.042,1.86,413.518,533.3552,1,4.63,4,3715.6944,6.272983442,5.429960011,3,0,98.74,5,110.77
143.274,4,1,1,6.27,9,169.73,26.02,0.010889207,1,1,0.96,414.896,1,1,3.2,5,17,3.24,1,4,767.327,-0.88,285.303,117.1718,1,7.47,2,44.2925,6.931176966,7.353669501,2,7,78.51,4,66.73
87.122,4,1,1,3.72,13,208.98,29.1,0.010889207,1,1,0.94,316.353,1,5,610,6,15,1.04,1,5,832.988,1.86,413.518,401.7178,1,4.72,1,1199.9308,6.396078947,5.92084381,3,3,98.74,5,57.15
119.164,4,1,1,2.55,14,202.26,44.48,0.010889207,1,3,0.93,377.286,1,5,631,3,17,-1.01,1,5,958.608,1.86,413.518,695.2555,1,5.11,1,4920.2959,6.157855544,5.308008775,3,5,98.74,4,50.16
87.122,4,1,1,3.72,13,208.98,29.1,0.010889207,1,1,0.94,316.353,1,5,610,6,15,1.04,1,5,832.988,1.86,413.518,401.7178,1,4.72,1,1199.9308,6.396078947,5.92084381,3,3,98.74,5,57.15
309.498,4,1,1,4.58,13,233.24,50.94,0.011118242,1,4,0.89,312.398,1,5,11,4,32,5.35,1,6,1105.461,1.86,413.518,107.3549,1,9.72,0,1382.6841,6.96917796,5.859277043,3,15,98.74,6,50.08
120.195,8,1,1,4.1,13,199.37,0,0.006318381,0,0,0.53,494.429,1,9,221,7,15,3.08,1,3,920.125,1.83,594.738,1134.0253,1,5.27,1,892.7982,5.945377243,6.04924669,4,1,164.52,5,49.77
16.043,7,1,1,3.19,14,206.72,0,0.010889207,0,0,0.85,433.501,1,9,4.35,9,15,0.65,1,8,1017.054,2.31,587.718,279.7823,1,6.81,1,9579.8621,6.553179702,5.018640742,4,0,140.73,5,94.53
202.298,4,1,1,2.55,15,214.29,56.51,0.021218616,2,4,0.88,377.286,1,5,280,3,18,-0.79,1,5,1041.742,1.86,413.518,850.0587,1,5.33,1,1734.4317,6.070551096,5.760842809,3,6,98.74,5,50.16
265.35,5,1,1,2.71,16,250.73,72.17,0.010889207,1,6,0.724,486.638,1,1,8.1,6,27,-1.09,1,6,941.395,0,273.248,116.1968,1,3.52,3,294.7216,6.934805969,6.530588012,2,15,109.57,5,111.63
150.221,8,1,1,4.1,14,208.6,9.23,0.010889207,0,1,0.999,494.429,1,9,16,7,17,3.15,1,3,950.151,1.83,594.738,943.6679,1,5.34,1,712.6867,6.025180814,6.147101352,4,3,164.52,5,49.77
100.165,4,1,1,1.35,12,210.03,15.27,0.010889207,1,2,0.95,418.369,1,5,6.8,6,16,-0.39,1,8,1010.203,1.86,413.518,586.3755,1,6.39,3,1387.8564,6.231824164,5.85765547,3,0,98.74,5,166.23
88.15,4,1,1,1.85,15,209.69,9.23,0.010889207,0,1,0.75,387.447,1,5,320,3,20,1.34,1,6,1132.805,1.86,413.518,2428.6512,1,7.27,4,1663.14,5.61463486,5.779071194,3,3,98.74,3,94.21
276.377,4,1,1,4.18,14,194.1,54.4,0.010889207,1,6,0.7,572.75,1,1,30,9,20,-1.05,1,6,948.009,-0.5,259.265,65.4445,1,3.31,2,272.7079,7.184126595,6.564302287,2,11,92.5,3,86.9
73.139,4,1,1,6.27,9,169.73,26.02,0.010889207,1,1,0.89,414.896,1,1,1.1,5,12,0.54,1,4,697.192,-0.88,285.303,74.1693,1,5.13,2,16.2152,7.129775866,7.790076867,2,2,78.51,4,66.73
191.227,4,1,1,3.13,15,265.07,67.79,0.010889207,2,4,0.71,289.81,1,1,7420,1,19,-1.04,1,3,890.955,0.13,258.233,55.6001,1,1.99,1,95.4061,7.254924322,7.020423729,1,8,83.55,5,39.06
234.292,5,1,1,3.35,17,245.82,53.99,0.010889207,0,5,0.82,447.457,1,1,15,5,25,-0.56,1,5,1045.136,0,273.248,184.2545,1,2.93,3,479.83,6.734581959,6.318912566,2,13,109.57,3,87.38
57.096,4,1,1,2.3,12,144.55,12.03,0.010889207,1,1,0.99,417.42,1,1,0.2,4,5,-0.07,1,9,698.765,-0.5,259.265,1075.0666,1,2.81,0,229.4776,5.968564637,6.639259789,2,0,92.5,1,81.43
198.31,7,1,1,1.69,19,263.54,23.55,0.010889207,0,2,0.79,591.71,1,9,179.9,14,30,1.45,1,9,1627.496,2.31,587.718,202.4311,1,11.77,5,3575.6723,6.693722846,5.446642289,4,4,140.73,5,193.5
190.239,5,1,1,2.6,15,242.78,44.76,0.010889207,0,4,0.96,487.56,1,1,13,6,20,-0.42,1,7,917.851,0,273.248,74.979,1,2.93,1,232.2763,7.125060292,6.633995068,2,10,109.57,4,96.89
252.307,4,1,1,4.93,17,238.09,66.38,0.010889207,1,6,0.91,553.598,1,1,8.6,6,24,-1.2,1,7,947.015,0.13,258.233,140.6234,1,2.37,3,296.2082,6.851942275,6.528402873,1,14,83.55,2,123.06
117.148,4,1,1,3.13,13,246.61,49.33,0.010889207,2,2,0.92,289.81,1,1,485,1,14,-0.22,1,3,816.876,0.13,258.233,12.6028,1,2.64,1,41.4206,7.899533982,7.38278329,1,3,83.55,5,39.06
243.263,5,1,1,0.71,18,264.86,75.47,0.010889207,0,7,0.94,453.528,1,1,2860,5,17,-1.29,1,8,829.828,0,273.248,587.1538,1,-0.23,2,1328.5936,6.231248091,5.876607855,2,11,109.57,3,134.41
113.16,4,1,1,3.19,13,198.95,29.1,0.010889207,1,2,0.8,433.501,1,1,11.8,9,10,-0.25,1,8,899.793,-0.5,259.265,8.5198,1,4.23,1,664.619,8.069570643,6.177427273,2,1,92.5,3,94.53
162.229,5,1,1,-5.47,15,204.67,27.69,0.021218616,0,3,0.95,443.202,1,1,0.31,6,19,0.52,1,12,923.449,0,273.248,463.4944,1,4.81,7,615.2355,6.333955493,6.21095861,2,8,109.57,3,252.57
169.272,4,1,1,1.79,10,149.4,27.3,0.010889207,2,3,0.88,276.384,1,1,1.4,5,10,-0.27,1,4,819.407,-0.5,259.265,253.8792,1,6.1,2,359.6371,6.595372883,6.444135464,2,1,92.5,2,47.61
232.324,4,1,1,4.18,13,184.87,45.17,0.010889207,1,5,0.7,572.75,1,1,30,9,17,-0.9,1,6,903.956,-0.5,259.265,47.8675,1,3.46,2,239.6507,7.31995956,6.620421236,2,8,92.5,3,86.9
309.403,5,1,1,2.71,17,259.96,81.4,0.010889207,1,7,0.848,486.638,1,1,52.3,6,30,-1.23,1,6,985.448,0,273.248,340.1522,1,3.37,3,170.7161,6.468326728,6.767725404,2,18,109.57,5,111.63
60.096,7,1,1,2.17,11,146.22,20.23,0.010889207,1,1,0.53,285.343,1,9,350,4,13,0.44,1,4,775.01,2.31,587.718,829.7398,1,5.44,0,13522.2986,6.081058097,4.868949477,4,1,140.73,3,48.3
249.307,5,1,1,3.33,15,253.53,66.02,0.010889207,1,5,0.78,532.666,1,1,12.1,7,24,-0.08,1,6,980.476,0,273.248,67.8454,1,4.8,2,61.8305,7.168479557,7.208797316,2,14,109.57,6,102.84
225.336,4,1,1,4.3,14,192.43,35.58,0.010889207,1,4,0.9936,420.368,1,1,9.37,4,10,-0.08,1,6,865.996,0.13,258.233,150.2012,1,3.63,1,351.3241,6.823326694,6.454292103,1,4,83.55,2,88.42
157.301,4,1,1,1.25,11,227.72,26.02,0.010889207,1,1,0.76,574.726,1,5,120,9,25,3.79,1,8,978.307,1.86,413.518,42.797,1,7.73,2,2364.4344,7.368586278,5.626272727,3,8,98.74,7,111.01
136.194,4,1,1,4.11,10,182.98,9.23,0.010889207,0,1,0.71,446.91,1,5,50,8,16,2.03,1,7,973.637,1.86,413.518,342.4171,1,9.35,1,1402.4679,6.465444531,5.853107073,3,3,98.74,4,68.74
60.052,4,1,1,4.07,15,223.18,37.3,0.021218616,1,2,0.99,464.831,1,1,1,5,12,-0.93,1,4,873.972,0.13,258.233,41.5925,1,4.21,3,103.7899,7.380984806,6.98384503,1,1,83.55,3,92.35
85.15,4,1,1,2.3,12,144.55,12.03,0.021218616,1,1,0.98,417.42,1,1,0.4,4,5,0.64,1,9,726.819,0.13,258.233,71.2954,1,3.52,0,151.9788,7.146938689,6.818216922,1,0,83.55,1,81.43
79.102,7,1,1,4.1,13,203.03,12.89,0.006318381,0,1,0.95,494.429,1,9,95,7,10,0.85,1,3,819.005,2.31,587.718,3822.2588,1,4.56,1,4166.5099,5.417679913,5.380227587,4,0,140.73,5,49.77
162.229,5,1,1,-5.47,15,204.67,27.69,0.021218616,0,3,0.97,443.202,1,1,0.6,6,19,0.52,1,12,923.449,0,273.248,485.5458,1,4.81,7,615.2355,6.313769781,6.21095861,2,8,109.57,3,252.57
104.149,4,1,1,2.91,17,255.55,18.46,0.010889207,0,2,0.75,445.527,1,5,220,4,20,0.3,1,8,1029.19,1.86,413.518,571.1885,1,4.99,2,3653.2319,6.243220539,5.437322763,3,4,98.74,4,85.86
207.27,4,1,1,2.55,16,220.72,62.94,0.010889207,1,5,0.97,377.286,1,5,200,3,23,-1.3,1,5,1046.714,1.86,413.518,890.204,1,4.82,1,3175.2311,6.050510436,5.49822466,3,11,98.74,4,50.16
72.151,8,1,1,1.4,14,180.69,0,0.010889207,0,0,0.95,353.422,1,9,1.76,5,19,2.92,1,6,995.232,1.83,594.738,190.8735,1,5.06,0,661.3593,6.719254403,6.17956252,4,2,164.52,3,56.59
155.245,4,1,1,3.83,10,149.4,27.3,0.010889207,2,3,0.99,418.501,1,1,1.9,8,9,-0.79,1,8,777.326,-0.5,259.265,198.0577,1,4.69,1,177.9382,6.703208294,6.749730803,2,2,92.5,2,84.76
163.217,4,1,1,2.55,15,211.49,53.71,0.010889207,1,4,0.98,377.286,1,5,40,3,20,-1.16,1,5,1002.661,1.86,413.518,1153.2082,1,4.96,1,2925.7736,5.938092297,5.533759287,3,8,98.74,4,50.16
196.246,4,1,1,4.07,16,267.48,38.69,0.021218616,1,3,0.999,422.828,1,5,1.4,7,19,2.02,1,6,1150.297,1.86,413.518,335.243,1,4.52,3,765.8829,6.474640327,6.115837648,3,5,98.74,6,117.2
308.375,4,1,1,3.33,16,262.76,101.27,0.010889207,2,7,0.907,532.666,1,1,42.9,7,27,-1.54,1,6,1024.529,0.13,258.233,258.252,1,4.65,2,68.4761,6.587956348,7.164461185,1,18,83.55,6,102.84
60.096,4,1,1,3.59,14,217.31,9.23,0.010889207,0,1,0.99,486.944,1,5,23.2,7,19,0.45,1,8,982.121,1.86,413.518,395.119,1,5.86,3,1429.0035,6.403272052,5.844966703,3,1,98.74,5,91.41
162.229,5,1,1,-5.47,15,204.67,27.69,0.021218616,0,3,0.95,443.202,1,1,1,6,19,0.52,1,12,923.449,0,273.248,463.4944,1,4.81,7,615.2355,6.333955493,6.21095861,2,8,109.57,3,252.57
183.339,7,1,1,4.33,10,130.61,3.24,0.021218616,0,1,0.97,547.541,1,1,5,5,12,3.98,1,6,824.43,0.66,273.252,329.2174,1,5.95,2,336.0927,6.482517154,6.473540979,2,6,119.97,1,103.35
119.164,4,1,1,2.57,11,191.53,44.48,0.021218616,1,3,0.94,378.439,1,5,126,4,18,-1.01,1,9,992.64,1.86,413.518,2956.6172,1,6.71,3,3834.0188,5.5292049,5.416345758,3,5,98.74,5,145.99
212.337,7,1,1,1.69,19,263.54,23.55,0.010889207,0,2,0.94,591.71,1,9,12.9,14,31,1.99,1,9,1641.523,2.31,587.718,226.5925,1,12.31,5,4337.0262,6.644754488,5.362807954,4,5,140.73,5,193.5
207.27,4,1,1,2.55,16,220.72,62.94,0.010889207,1,5,0.97,377.286,1,5,200,3,23,-1.3,1,5,1046.714,1.86,413.518,1784.9088,1,4.82,1,3175.2311,5.748383961,5.49822466,3,11,98.74,4,50.16
226.364,7,1,1,1.69,19,263.54,23.55,0.010889207,0,2,0.79,591.71,1,9,316.2,14,32,2.53,1,9,1655.55,2.31,587.718,143.9942,1,12.86,5,3512.386,6.841655138,5.454397764,4,6,140.73,5,193.5
162.229,5,1,1,-5.47,15,204.67,27.69,0.021218616,0,3,0.95,443.202,1,1,1,6,19,0.52,1,12,923.449,0,273.248,342.5187,1,4.81,7,615.2355,6.465315659,6.21095861,2,8,109.57,3,252.57
174.24,5,1,1,4.3,14,213.2,35.53,0.010889207,0,3,0.95,420.368,1,1,68.3,4,17,0.62,1,6,829.915,0,273.248,153.3227,1,3.5,1,77.7546,6.81439354,7.109274064,2,9,109.57,3,88.42
150.221,8,1,1,4.1,14,208.6,9.23,0.010889207,0,1,0.999,494.429,1,9,16,7,17,3.15,1,3,950.151,1.83,594.738,1462.048,1,5.34,1,712.6867,5.835038375,6.147101352,4,3,164.52,5,49.77
100.161,7,1,1,2.54,17,251.07,17.07,0.010889207,0,1,0.908,523.659,1,9,63,7,28,1.64,1,7,1542.39,2.31,587.718,66.9183,1,12.83,3,3474.4363,7.174454799,5.459115647,4,4,140.73,5,135.42
207.27,4,1,1,2.57,13,209.99,62.94,0.0147165,1,5,0.92,378.439,1,5,20,4,24,-1.3,1,9,1080.746,1.86,413.518,2131.5407,1,6.41,3,7280.3016,5.671306368,5.137850627,3,11,98.74,5,145.99
57.096,4,1,1,2.3,12,144.55,12.03,0.021218616,1,1,0.98,417.42,1,1,0.3,4,5,-0.07,1,9,698.765,-0.5,259.265,1075.0666,1,2.81,0,229.4776,5.968564637,6.639259789,2,0,92.5,1,81.43
127.147,5,1,1,4.58,12,217.19,50.94,0.011118242,1,4,0.8801,312.398,1,1,3.41,4,15,-0.66,1,6,737.774,0,273.248,20.7755,1,2.28,0,578.2406,7.682447482,6.237891415,2,2,109.57,5,50.08
233.308,4,1,1,2.59,14,239.12,67.79,0.010889207,2,4,0.91,382.251,1,1,27,4,24,-0.25,1,4,992.986,0.13,258.233,327.0231,1,5.03,4,144.1098,6.485421613,6.841306544,1,11,83.55,4,98.91
16.043,7,1,1,3.19,14,206.72,0,0.010889207,0,0,0.74,433.501,1,9,70,9,15,0.65,1,8,1017.054,2.31,587.718,279.7823,1,6.81,1,9579.8621,6.553179702,5.018640742,4,0,140.73,5,94.53
163.217,6,1,1,2.55,17,232.75,53.71,0.021218616,1,4,0.999,377.286,1,5,350,3,22,-1.16,1,5,1101.794,2.86,458.628,682.5187,1,5.06,1,1101.6306,6.16588547,5.957964002,3,8,108.55,5,50.16
87.122,4,1,1,3.72,13,208.98,29.1,0.031118096,1,1,0.82,316.353,1,5,590,6,15,1.04,1,5,832.988,1.86,413.518,184.0487,1,4.72,1,1199.9308,6.735067223,5.92084381,3,3,98.74,5,57.15
305.462,5,1,1,3.16,10,212.34,38.33,0.011118242,1,2,0.99,346.434,1,1,4950,3,20,4.99,1,5,754.841,0,273.248,14.3847,1,3.74,2,43.6535,7.84210065,7.359980615,2,12,109.57,6,75.27
141.218,4,1,1,3.83,10,149.4,27.3,0.010889207,2,3,0.98,418.501,1,1,0.1,8,8,-0.98,1,8,763.299,-0.5,259.265,121.8129,1,4.5,1,188.6103,6.91430669,6.724434599,2,1,92.5,2,84.76
100.205,7,1,1,1.67,15,206.08,0,0.010889207,0,0,0.82,440.887,1,9,0.49,4,21,4.01,1,4,1092.429,2.31,587.718,249.4011,1,8.86,3,8061.8377,6.603101719,5.093565947,4,4,140.73,5,107.61
178.228,5,1,1,2.19,15,248.97,47.92,0.010889207,1,4,0.85,434.548,1,1,36.9,5,19,-0.53,1,8,888.882,0,273.248,30.7377,1,3.05,2,67.3291,7.512327996,7.171797007,2,9,109.57,4,91.21
119.164,4,1,1,2.55,14,202.26,44.48,0.021218616,1,3,0.96,377.286,1,5,100,3,17,-1.01,1,5,958.608,1.86,413.518,892.4975,1,5.11,1,4920.2959,6.049392981,5.308008775,3,5,98.74,4,50.16
68.119,7,1,1,2.58,8,132.85,0,0.010889207,0,0,0.99,512.542,1,1,200,8,7,1.88,1,6,789.981,0.66,273.252,50.305,1,6.4,2,424.9069,7.298388486,6.371706232,2,1,119.97,2,120.94
163.217,4,1,1,2.55,15,211.49,53.71,0.010889207,1,4,0.98,377.286,1,5,40,3,20,-1.16,1,5,1002.661,1.86,413.518,1347.6497,1,4.96,1,2925.7736,5.870422995,5.533759287,3,8,98.74,4,50.16
160.217,4,1,1,2.55,12,194.05,75.35,0.021218616,3,3,0.86,377.286,1,1,184,3,13,-0.98,1,5,799.31,0.13,258.233,134.4407,1,3.58,1,950.218,6.871469248,6.022176762,1,6,83.55,3,50.16
85.15,4,1,1,2.3,12,144.55,12.03,0.021218616,1,1,0.98,417.42,1,1,0.4,4,5,0.64,1,9,726.819,0.13,258.233,730.5408,1,3.52,0,151.9788,6.136355537,6.818216922,1,0,83.55,1,81.43
156.313,5,1,1,2.74,10,205.08,0,0.011017488,0,0,0.76,481.307,1,5,1380,6,22,6.17,1,7,896.168,1.34,414.506,124.1657,1,7.56,4,800.7835,6.905998496,6.096484869,3,8,122.53,6,153.09
71.123,4,1,1,2.3,12,144.55,12.03,0.0147165,1,1,0.98,417.42,1,1,0.4,4,6,0.36,1,9,712.792,0.13,258.233,24.1898,1,3.03,0,242.0766,7.616367547,6.616047135,1,0,83.55,1,81.43
293.36,4,1,1,3.59,17,255.25,86.25,0.010889207,2,6,0.87,486.944,1,1,10,7,28,-1.43,1,8,1015.034,0.13,258.233,68.6191,1,2.42,3,185.1916,7.163554841,6.7323787,1,15,83.55,4,91.41
119.164,4,1,1,2.55,14,202.26,44.48,0.0147165,1,3,0.97,377.286,1,5,316,3,17,-1.01,1,5,958.608,1.86,413.518,1266.012,1,5.11,1,4920.2959,5.897562172,5.308008775,3,5,98.74,4,50.16
163.217,4,1,1,2.55,15,211.49,53.71,0.010889207,1,4,0.98,377.286,1,5,40,3,20,-1.16,1,5,1002.661,1.86,413.518,722.3111,1,4.96,1,2925.7736,6.141275704,5.533759287,3,8,98.74,4,50.16
226.364,7,1,1,1.69,19,263.54,23.55,0.010889207,0,2,0.79,591.71,1,9,316.2,14,32,2.53,1,9,1655.55,2.31,587.718,1204.8474,1,12.86,5,3512.386,5.919067958,5.454397764,4,6,140.73,5,193.5
190.239,5,1,1,2.6,15,242.78,44.76,0.010889207,0,4,0.95,487.56,1,1,3,6,20,-0.42,1,7,917.851,0,273.248,74.979,1,2.93,1,232.2763,7.125060292,6.633995068,2,10,109.57,4,96.89
162.229,5,1,1,-5.47,15,204.67,27.69,0.021218616,0,3,0.95,443.202,1,1,0.31,6,19,0.52,1,12,923.449,0,273.248,342.5187,1,4.81,7,615.2355,6.465315659,6.21095861,2,8,109.57,3,252.57
138.185,8,1,1,4.1,13,199.37,0,0.010889207,0,0,0.95,494.429,1,9,33,7,15,3.18,1,3,938.115,1.83,594.738,713.9965,1,5.37,1,360.0239,6.146303919,6.443668664,4,1,164.52,5,49.77
107.156,7,1,1,4.1,13,203.03,12.89,0.006318381,0,1,0.8,494.429,1,9,379,7,12,1.65,1,3,847.059,2.31,587.718,19466.6651,1,4.46,1,2415.9728,4.710708443,5.616907959,4,1,140.73,5,49.77
223.364,4,1,1,2.63,15,221.72,30.71,0.010889207,0,3,0.91,445.527,1,5,3.57,4,26,4.52,1,8,1133.837,1.86,413.518,76.377,1,9.46,2,1270.1276,7.117037529,5.896152644,3,9,98.74,5,85.86
155.201,5,1,1,4.58,12,217.19,50.94,0.011118242,1,4,0.863,312.398,1,1,2.54,4,17,0.13,1,6,765.828,0,273.248,6.2445,1,3.1,0,390.172,8.204503517,6.408743918,2,4,109.57,5,50.08
85.15,4,1,1,2.3,12,144.55,12.03,0.010889207,1,1,0.68,417.42,1,1,50,4,5,0.64,1,9,726.819,0.13,258.233,305.3642,1,3.52,0,151.9788,6.515181881,6.818216922,1,0,83.55,1,81.43
57.096,4,1,1,2.3,12,144.55,12.03,0.010889207,1,1,0.99,417.42,1,1,0.2,4,5,-0.07,1,9,698.765,-0.5,259.265,46.9816,1,2.81,0,229.4776,7.328071946,6.639259789,2,0,92.5,1,81.43
213.365,5,1,1,4.5,10,211.05,29.1,0.003319283,1,1,0.99,492.004,1,1,2.89,4,19,4.53,1,7,876.987,0,273.248,34.3318,1,5.03,2,98.4656,7.464302852,7.006715518,2,10,109.57,4,92.4
249.307,4,1,1,2.03,16,224.03,80.01,0.010889207,1,6,0.96,528.589,1,1,0.75,12,21,-1.87,1,11,1028.128,-0.5,259.265,525.1543,1,1.57,2,163.8105,6.279713064,6.785658214,2,14,92.5,3,124.47
226.364,7,1,1,1.69,19,263.54,23.55,0.010889207,0,2,0.96,591.71,1,9,12.8,14,32,2.53,1,9,1655.55,2.31,587.718,143.9942,1,12.86,5,3512.386,6.841655138,5.454397764,4,6,140.73,5,193.5
162.229,5,1,1,-5.47,15,204.67,27.69,0.021218616,0,3,0.97,443.202,1,1,0.6,6,19,0.52,1,12,923.449,0,273.248,463.4944,1,4.81,7,615.2355,6.333955493,6.21095861,2,8,109.57,3,252.57
79.102,7,1,1,4.1,13,203.03,12.89,0.006318381,0,1,0.98,494.429,1,9,28,7,10,0.85,1,3,819.005,2.31,587.718,8923.9547,1,4.23,1,2614.5595,5.049442641,5.582601464,4,0,140.73,5,49.77
215.337,4,1,1,4.34,12,233.51,49.33,0.010889207,2,2,0.82,362.381,1,5,367.7,4,21,3.39,1,5,928.122,1.86,413.518,2311.7158,1,5.24,0,1773.0721,5.636065554,5.751273596,3,10,98.74,5,57.9
87.122,4,1,1,3.72,13,208.98,29.1,0.008718078,1,1,0.75,316.353,1,5,300,6,15,1.04,1,5,832.988,1.86,413.518,402.1788,1,4.72,1,1199.9308,6.395580787,5.92084381,3,3,98.74,5,57.15
160.257,4,1,1,4.2,13,199.55,18.46,0.010889207,0,2,0.71,492.498,1,5,50,8,21,2.08,1,7,1021.198,1.86,413.518,133.1418,1,6.71,1,1406.2923,6.875685587,5.851924406,3,8,98.74,3,95.34
124.183,7,1,1,3.9,12,188.17,17.07,0.010889207,0,1,0.76,600.757,1,1,4.97,14,13,1.68,1,7,884.051,0.66,273.252,16.4929,1,4.39,4,217.2418,7.782703374,6.663056513,2,5,119.97,3,151.93
162.229,4,1,1,3.05,12,186.66,38.69,0.010889207,1,3,0.71,543.068,1,5,50,3,20,0.32,1,8,1024.173,1.86,413.518,165.3033,1,7.19,1,1220.4194,6.781718553,5.913490884,3,8,98.74,3,100.13
129.247,4,1,1,6.27,9,169.73,26.02,0.010889207,1,1,0.97,414.896,1,1,1.5,5,16,2.7,1,4,753.3,-0.88,285.303,299.6946,1,6.93,2,20.5785,6.523321015,7.686585961,2,6,78.51,4,66.73
207.27,4,1,1,2.57,13,209.99,62.94,0.021218616,1,5,0.95,378.439,1,5,8,4,24,-1.3,1,9,1080.746,1.86,413.518,1745.1911,1,6.41,3,7280.3016,5.758157021,5.137850627,3,11,98.74,5,145.99
160.257,7,1,1,3.13,12,186.66,18.46,0.010889207,0,2,0.71,392.466,1,9,50,4,21,2.08,1,6,1070.217,2.31,587.718,337.8212,1,8.05,2,2227.377,6.471313046,5.652206276,4,8,140.73,3,95.64
145.202,4,1,1,3.13,13,246.61,49.33,0.010889207,2,2,0.97,289.81,1,1,293,1,16,0.68,1,3,844.93,0.13,258.233,12.5251,1,3.36,1,25.5707,7.902217455,7.592256672,1,5,83.55,5,39.06
144.258,4,1,1,2.74,10,205.08,9.23,0.010889207,0,1,0.56,481.307,1,5,4190,6,20,3.5,1,7,854.087,1.86,413.518,164.5833,1,5.85,4,2424.3349,6.783614112,5.615407386,3,7,98.74,6,153.09
122.167,8,1,1,3,11,205.35,9.23,0.010889207,0,1,0.71,319.372,1,9,50,5,14,1.57,1,6,883.443,2.33,553.685,186.8953,1,6.95,3,2836.7231,6.728401613,5.54718305,3,2,137.66,4,102.31
134.222,8,1,1,4.1,13,199.37,0,0.006318381,0,0,0.9,494.429,1,9,58,7,16,3.63,1,3,934.152,1.83,594.738,1098.2531,1,5.63,1,686.9879,5.959297556,6.163050937,4,2,164.52,5,49.77
85.15,4,1,1,2.3,12,144.55,12.03,0.021218616,1,1,0.98,417.42,1,1,0.4,4,5,0.64,1,9,726.819,0.13,258.233,305.3642,1,3.52,0,151.9788,6.515181881,6.818216922,1,0,83.55,1,81.43
142.286,4,1,1,5.27,11,207.21,0,0.010889207,0,0,0.996,524.658,1,5,20.4,11,19,5.63,1,7,870.086,1.86,413.518,1299.6586,1,6.46,1,2078.738,5.886170703,5.682200235,3,7,98.74,5,108.16
160.257,4,1,1,4.82,13,186.36,18.46,0.010889207,0,2,0.989,571.705,1,5,11.7,8,22,2.09,1,10,934.532,1.86,413.518,243.5042,1,6.88,3,1845.1838,6.613493487,5.733960373,3,8,98.74,4,105.57
249.307,5,1,1,3.33,15,253.53,66.02,0.010889207,1,5,0.835,532.666,1,1,37.9,7,24,-0.08,1,6,980.476,0,273.248,67.8454,1,4.8,2,61.8305,7.168479557,7.208797316,2,14,109.57,6,102.84
240.391,7,1,1,1.69,19,263.54,23.55,0.010889207,0,2,0.69,591.71,1,9,354.8,14,33,3.07,1,9,1669.577,2.31,587.718,743.5935,1,13.4,5,3702.6912,6.128664404,5.431482502,4,7,140.73,5,193.5
163.217,6,1,1,2.55,17,232.75,53.71,0.021218616,1,4,0.99,377.286,1,4,780,3,24,-1.16,1,5,1075.756,2.55,439.585,961.4668,1,4.51,1,2576.9861,6.017065707,5.588887923,3,8,108.13,5,50.16
104.149,4,1,1,2.91,17,255.55,18.46,0.010889207,0,2,0.88,445.527,1,5,136,4,20,0.3,1,8,1029.19,1.86,413.518,778.5923,1,4.99,2,3653.2319,6.108689917,5.437322763,3,4,98.74,4,85.86
